Codi_Districte,SEXE,Nom_Districte,Codi_Barri,Nom_Barri,AEB,Seccio_Censal,Valor,Data_Referencia
1,1,Ciutat Vella,1,el Raval,1,1001,628,2024-01-01T00:00:00
1,2,Ciutat Vella,1,el Raval,1,1001,681,2024-01-01T00:00:00
1,1,Ciutat Vella,1,el Raval,1,1002,625,2024-01-01T00:00:00
1,2,Ciutat Vella,1,el Raval,1,1002,657,2024-01-01T00:00:00
1,1,Ciutat Vella,1,el Raval,2,1003,1663,2024-01-01T00:00:00
1,2,Ciutat Vella,1,el Raval,2,1003,1837,2024-01-01T00:00:00
1,1,Ciutat Vella,1,el Raval,2,1004,1396,2024-01-01T00:00:00
1,2,Ciutat Vella,1,el Raval,2,1004,1603,2024-01-01T00:00:00
1,1,Ciutat Vella,1,el Raval,3,1005,1109,2024-01-01T00:00:00
1,2,Ciutat Vella,1,el Raval,3,1005,1217,2024-01-01T00:00:00
1,1,Ciutat Vella,1,el Raval,3,1006,741,2024-01-01T00:00:00
1,2,Ciutat Vella,1,el Raval,3,1006,876,2024-01-01T00:00:00
1,1,Ciutat Vella,1,el Raval,3,1007,832,2024-01-01T00:00:00
1,2,Ciutat Vella,1,el Raval,3,1007,1171,2024-01-01T00:00:00
1,1,Ciutat Vella,1,el Raval,4,1008,1363,2024-01-01T00:00:00
1,2,Ciutat Vella,1,el Raval,4,1008,1840,2024-01-01T00:00:00
1,1,Ciutat Vella,1,el Raval,4,1009,996,2024-01-01T00:00:00
1,2,Ciutat Vella,1,el Raval,4,1009,1121,2024-01-01T00:00:00
1,1,Ciutat Vella,1,el Raval,4,1010,1113,2024-01-01T00:00:00
1,2,Ciutat Vella,1,el Raval,4,1010,1336,2024-01-01T00:00:00
1,1,Ciutat Vella,1,el Raval,5,1011,1435,2024-01-01T00:00:00
1,2,Ciutat Vella,1,el Raval,5,1011,1656,2024-01-01T00:00:00
1,1,Ciutat Vella,1,el Raval,5,1012,939,2024-01-01T00:00:00
1,2,Ciutat Vella,1,el Raval,5,1012,975,2024-01-01T00:00:00
1,1,Ciutat Vella,1,el Raval,5,1013,729,2024-01-01T00:00:00
1,2,Ciutat Vella,1,el Raval,5,1013,742,2024-01-01T00:00:00
1,1,Ciutat Vella,1,el Raval,6,1014,839,2024-01-01T00:00:00
1,2,Ciutat Vella,1,el Raval,6,1014,947,2024-01-01T00:00:00
1,1,Ciutat Vella,1,el Raval,6,1015,1196,2024-01-01T00:00:00
1,2,Ciutat Vella,1,el Raval,6,1015,1138,2024-01-01T00:00:00
1,1,Ciutat Vella,1,el Raval,6,1016,1078,2024-01-01T00:00:00
1,2,Ciutat Vella,1,el Raval,6,1016,1011,2024-01-01T00:00:00
1,1,Ciutat Vella,1,el Raval,6,1017,1250,2024-01-01T00:00:00
1,2,Ciutat Vella,1,el Raval,6,1017,1273,2024-01-01T00:00:00
1,1,Ciutat Vella,1,el Raval,7,1018,768,2024-01-01T00:00:00
1,2,Ciutat Vella,1,el Raval,7,1018,782,2024-01-01T00:00:00
1,1,Ciutat Vella,1,el Raval,7,1019,1304,2024-01-01T00:00:00
1,2,Ciutat Vella,1,el Raval,7,1019,1523,2024-01-01T00:00:00
1,1,Ciutat Vella,1,el Raval,7,1020,1170,2024-01-01T00:00:00
1,2,Ciutat Vella,1,el Raval,7,1020,1155,2024-01-01T00:00:00
1,1,Ciutat Vella,1,el Raval,8,1021,1114,2024-01-01T00:00:00
1,2,Ciutat Vella,1,el Raval,8,1021,1105,2024-01-01T00:00:00
1,1,Ciutat Vella,2,el Barri Gòtic,9,1022,751,2024-01-01T00:00:00
1,2,Ciutat Vella,2,el Barri Gòtic,9,1022,998,2024-01-01T00:00:00
1,1,Ciutat Vella,2,el Barri Gòtic,9,1023,1037,2024-01-01T00:00:00
1,2,Ciutat Vella,2,el Barri Gòtic,9,1023,1003,2024-01-01T00:00:00
1,1,Ciutat Vella,2,el Barri Gòtic,10,1025,690,2024-01-01T00:00:00
1,2,Ciutat Vella,2,el Barri Gòtic,10,1025,687,2024-01-01T00:00:00
1,1,Ciutat Vella,2,el Barri Gòtic,10,1026,3019,2024-01-01T00:00:00
1,2,Ciutat Vella,2,el Barri Gòtic,10,1026,10096,2024-01-01T00:00:00
1,1,Ciutat Vella,2,el Barri Gòtic,10,1027,762,2024-01-01T00:00:00
1,2,Ciutat Vella,2,el Barri Gòtic,10,1027,760,2024-01-01T00:00:00
1,1,Ciutat Vella,2,el Barri Gòtic,11,1028,987,2024-01-01T00:00:00
1,2,Ciutat Vella,2,el Barri Gòtic,11,1028,952,2024-01-01T00:00:00
1,1,Ciutat Vella,2,el Barri Gòtic,11,1029,720,2024-01-01T00:00:00
1,2,Ciutat Vella,2,el Barri Gòtic,11,1029,729,2024-01-01T00:00:00
1,1,Ciutat Vella,2,el Barri Gòtic,12,1030,1197,2024-01-01T00:00:00
1,2,Ciutat Vella,2,el Barri Gòtic,12,1030,1287,2024-01-01T00:00:00
1,1,Ciutat Vella,2,el Barri Gòtic,12,1031,738,2024-01-01T00:00:00
1,2,Ciutat Vella,2,el Barri Gòtic,12,1031,809,2024-01-01T00:00:00
1,1,Ciutat Vella,3,la Barceloneta,13,1032,879,2024-01-01T00:00:00
1,2,Ciutat Vella,3,la Barceloneta,13,1032,856,2024-01-01T00:00:00
1,1,Ciutat Vella,3,la Barceloneta,13,1033,510,2024-01-01T00:00:00
1,2,Ciutat Vella,3,la Barceloneta,13,1033,578,2024-01-01T00:00:00
1,1,Ciutat Vella,3,la Barceloneta,13,1034,490,2024-01-01T00:00:00
1,2,Ciutat Vella,3,la Barceloneta,13,1034,482,2024-01-01T00:00:00
1,1,Ciutat Vella,3,la Barceloneta,14,1035,619,2024-01-01T00:00:00
1,2,Ciutat Vella,3,la Barceloneta,14,1035,568,2024-01-01T00:00:00
1,1,Ciutat Vella,3,la Barceloneta,14,1036,629,2024-01-01T00:00:00
1,2,Ciutat Vella,3,la Barceloneta,14,1036,562,2024-01-01T00:00:00
1,1,Ciutat Vella,3,la Barceloneta,15,1037,682,2024-01-01T00:00:00
1,2,Ciutat Vella,3,la Barceloneta,15,1037,602,2024-01-01T00:00:00
1,1,Ciutat Vella,3,la Barceloneta,15,1038,729,2024-01-01T00:00:00
1,2,Ciutat Vella,3,la Barceloneta,15,1038,732,2024-01-01T00:00:00
1,1,Ciutat Vella,3,la Barceloneta,15,1039,642,2024-01-01T00:00:00
1,2,Ciutat Vella,3,la Barceloneta,15,1039,668,2024-01-01T00:00:00
1,1,Ciutat Vella,3,la Barceloneta,15,1040,541,2024-01-01T00:00:00
1,2,Ciutat Vella,3,la Barceloneta,15,1040,539,2024-01-01T00:00:00
1,1,Ciutat Vella,3,la Barceloneta,15,1041,768,2024-01-01T00:00:00
1,2,Ciutat Vella,3,la Barceloneta,15,1041,707,2024-01-01T00:00:00
1,1,Ciutat Vella,3,la Barceloneta,15,1042,900,2024-01-01T00:00:00
1,2,Ciutat Vella,3,la Barceloneta,15,1042,843,2024-01-01T00:00:00
1,1,Ciutat Vella,4,"Sant Pere, Santa Caterina i la Ribera",16,1043,801,2024-01-01T00:00:00
1,2,Ciutat Vella,4,"Sant Pere, Santa Caterina i la Ribera",16,1043,836,2024-01-01T00:00:00
1,1,Ciutat Vella,4,"Sant Pere, Santa Caterina i la Ribera",16,1044,761,2024-01-01T00:00:00
1,2,Ciutat Vella,4,"Sant Pere, Santa Caterina i la Ribera",16,1044,701,2024-01-01T00:00:00
1,1,Ciutat Vella,4,"Sant Pere, Santa Caterina i la Ribera",16,1045,980,2024-01-01T00:00:00
1,2,Ciutat Vella,4,"Sant Pere, Santa Caterina i la Ribera",16,1045,991,2024-01-01T00:00:00
1,1,Ciutat Vella,4,"Sant Pere, Santa Caterina i la Ribera",16,1046,898,2024-01-01T00:00:00
1,2,Ciutat Vella,4,"Sant Pere, Santa Caterina i la Ribera",16,1046,962,2024-01-01T00:00:00
1,1,Ciutat Vella,4,"Sant Pere, Santa Caterina i la Ribera",17,1047,895,2024-01-01T00:00:00
1,2,Ciutat Vella,4,"Sant Pere, Santa Caterina i la Ribera",17,1047,848,2024-01-01T00:00:00
1,1,Ciutat Vella,4,"Sant Pere, Santa Caterina i la Ribera",17,1048,1052,2024-01-01T00:00:00
1,2,Ciutat Vella,4,"Sant Pere, Santa Caterina i la Ribera",17,1048,1045,2024-01-01T00:00:00
1,1,Ciutat Vella,4,"Sant Pere, Santa Caterina i la Ribera",17,1049,787,2024-01-01T00:00:00
1,2,Ciutat Vella,4,"Sant Pere, Santa Caterina i la Ribera",17,1049,734,2024-01-01T00:00:00
1,1,Ciutat Vella,4,"Sant Pere, Santa Caterina i la Ribera",18,1050,796,2024-01-01T00:00:00
1,2,Ciutat Vella,4,"Sant Pere, Santa Caterina i la Ribera",18,1050,808,2024-01-01T00:00:00
1,1,Ciutat Vella,4,"Sant Pere, Santa Caterina i la Ribera",18,1051,872,2024-01-01T00:00:00
1,2,Ciutat Vella,4,"Sant Pere, Santa Caterina i la Ribera",18,1051,891,2024-01-01T00:00:00
1,1,Ciutat Vella,4,"Sant Pere, Santa Caterina i la Ribera",18,1052,1253,2024-01-01T00:00:00
1,2,Ciutat Vella,4,"Sant Pere, Santa Caterina i la Ribera",18,1052,1143,2024-01-01T00:00:00
1,1,Ciutat Vella,4,"Sant Pere, Santa Caterina i la Ribera",19,1053,960,2024-01-01T00:00:00
1,2,Ciutat Vella,4,"Sant Pere, Santa Caterina i la Ribera",19,1053,888,2024-01-01T00:00:00
1,1,Ciutat Vella,4,"Sant Pere, Santa Caterina i la Ribera",19,1054,644,2024-01-01T00:00:00
1,2,Ciutat Vella,4,"Sant Pere, Santa Caterina i la Ribera",19,1054,630,2024-01-01T00:00:00
1,1,Ciutat Vella,4,"Sant Pere, Santa Caterina i la Ribera",19,1055,669,2024-01-01T00:00:00
1,2,Ciutat Vella,4,"Sant Pere, Santa Caterina i la Ribera",19,1055,628,2024-01-01T00:00:00
2,1,Eixample,5,el Fort Pienc,20,2001,722,2024-01-01T00:00:00
2,2,Eixample,5,el Fort Pienc,20,2001,629,2024-01-01T00:00:00
2,1,Eixample,5,el Fort Pienc,20,2002,2728,2024-01-01T00:00:00
2,2,Eixample,5,el Fort Pienc,20,2002,3331,2024-01-01T00:00:00
2,1,Eixample,5,el Fort Pienc,20,2003,661,2024-01-01T00:00:00
2,2,Eixample,5,el Fort Pienc,20,2003,519,2024-01-01T00:00:00
2,1,Eixample,5,el Fort Pienc,20,2004,759,2024-01-01T00:00:00
2,2,Eixample,5,el Fort Pienc,20,2004,735,2024-01-01T00:00:00
2,1,Eixample,5,el Fort Pienc,20,2005,1079,2024-01-01T00:00:00
2,2,Eixample,5,el Fort Pienc,20,2005,972,2024-01-01T00:00:00
2,1,Eixample,5,el Fort Pienc,20,2006,888,2024-01-01T00:00:00
2,2,Eixample,5,el Fort Pienc,20,2006,773,2024-01-01T00:00:00
2,1,Eixample,5,el Fort Pienc,20,2007,675,2024-01-01T00:00:00
2,2,Eixample,5,el Fort Pienc,20,2007,534,2024-01-01T00:00:00
2,1,Eixample,5,el Fort Pienc,20,2008,1028,2024-01-01T00:00:00
2,2,Eixample,5,el Fort Pienc,20,2008,917,2024-01-01T00:00:00
2,1,Eixample,5,el Fort Pienc,20,2009,950,2024-01-01T00:00:00
2,2,Eixample,5,el Fort Pienc,20,2009,844,2024-01-01T00:00:00
2,1,Eixample,5,el Fort Pienc,21,2010,650,2024-01-01T00:00:00
2,2,Eixample,5,el Fort Pienc,21,2010,585,2024-01-01T00:00:00
2,1,Eixample,5,el Fort Pienc,21,2011,594,2024-01-01T00:00:00
2,2,Eixample,5,el Fort Pienc,21,2011,551,2024-01-01T00:00:00
2,1,Eixample,5,el Fort Pienc,21,2012,822,2024-01-01T00:00:00
2,2,Eixample,5,el Fort Pienc,21,2012,782,2024-01-01T00:00:00
2,1,Eixample,5,el Fort Pienc,21,2013,592,2024-01-01T00:00:00
2,2,Eixample,5,el Fort Pienc,21,2013,571,2024-01-01T00:00:00
2,1,Eixample,5,el Fort Pienc,22,2014,703,2024-01-01T00:00:00
2,2,Eixample,5,el Fort Pienc,22,2014,668,2024-01-01T00:00:00
2,1,Eixample,5,el Fort Pienc,22,2015,835,2024-01-01T00:00:00
2,2,Eixample,5,el Fort Pienc,22,2015,773,2024-01-01T00:00:00
2,1,Eixample,5,el Fort Pienc,22,2016,992,2024-01-01T00:00:00
2,2,Eixample,5,el Fort Pienc,22,2016,869,2024-01-01T00:00:00
2,1,Eixample,5,el Fort Pienc,22,2017,1059,2024-01-01T00:00:00
2,2,Eixample,5,el Fort Pienc,22,2017,891,2024-01-01T00:00:00
2,1,Eixample,5,el Fort Pienc,22,2018,994,2024-01-01T00:00:00
2,2,Eixample,5,el Fort Pienc,22,2018,869,2024-01-01T00:00:00
2,1,Eixample,5,el Fort Pienc,22,2019,1047,2024-01-01T00:00:00
2,2,Eixample,5,el Fort Pienc,22,2019,922,2024-01-01T00:00:00
2,1,Eixample,5,el Fort Pienc,22,2020,858,2024-01-01T00:00:00
2,2,Eixample,5,el Fort Pienc,22,2020,748,2024-01-01T00:00:00
2,1,Eixample,6,la Sagrada Família,23,2021,803,2024-01-01T00:00:00
2,2,Eixample,6,la Sagrada Família,23,2021,726,2024-01-01T00:00:00
2,1,Eixample,6,la Sagrada Família,23,2022,696,2024-01-01T00:00:00
2,2,Eixample,6,la Sagrada Família,23,2022,649,2024-01-01T00:00:00
2,1,Eixample,6,la Sagrada Família,23,2023,575,2024-01-01T00:00:00
2,2,Eixample,6,la Sagrada Família,23,2023,458,2024-01-01T00:00:00
2,1,Eixample,6,la Sagrada Família,23,2024,638,2024-01-01T00:00:00
2,2,Eixample,6,la Sagrada Família,23,2024,537,2024-01-01T00:00:00
2,1,Eixample,6,la Sagrada Família,24,2025,602,2024-01-01T00:00:00
2,2,Eixample,6,la Sagrada Família,24,2025,532,2024-01-01T00:00:00
2,1,Eixample,6,la Sagrada Família,24,2026,1130,2024-01-01T00:00:00
2,2,Eixample,6,la Sagrada Família,24,2026,944,2024-01-01T00:00:00
2,1,Eixample,6,la Sagrada Família,24,2027,1118,2024-01-01T00:00:00
2,2,Eixample,6,la Sagrada Família,24,2027,1025,2024-01-01T00:00:00
2,1,Eixample,6,la Sagrada Família,24,2028,1149,2024-01-01T00:00:00
2,2,Eixample,6,la Sagrada Família,24,2028,924,2024-01-01T00:00:00
2,1,Eixample,6,la Sagrada Família,24,2029,673,2024-01-01T00:00:00
2,2,Eixample,6,la Sagrada Família,24,2029,573,2024-01-01T00:00:00
2,1,Eixample,6,la Sagrada Família,24,2030,751,2024-01-01T00:00:00
2,2,Eixample,6,la Sagrada Família,24,2030,662,2024-01-01T00:00:00
2,1,Eixample,6,la Sagrada Família,24,2031,574,2024-01-01T00:00:00
2,2,Eixample,6,la Sagrada Família,24,2031,462,2024-01-01T00:00:00
2,1,Eixample,6,la Sagrada Família,24,2032,697,2024-01-01T00:00:00
2,2,Eixample,6,la Sagrada Família,24,2032,526,2024-01-01T00:00:00
2,1,Eixample,6,la Sagrada Família,25,2033,636,2024-01-01T00:00:00
2,2,Eixample,6,la Sagrada Família,25,2033,541,2024-01-01T00:00:00
2,1,Eixample,6,la Sagrada Família,25,2034,686,2024-01-01T00:00:00
2,2,Eixample,6,la Sagrada Família,25,2034,525,2024-01-01T00:00:00
2,1,Eixample,6,la Sagrada Família,25,2035,735,2024-01-01T00:00:00
2,2,Eixample,6,la Sagrada Família,25,2035,604,2024-01-01T00:00:00
2,1,Eixample,6,la Sagrada Família,25,2036,679,2024-01-01T00:00:00
2,2,Eixample,6,la Sagrada Família,25,2036,536,2024-01-01T00:00:00
2,1,Eixample,6,la Sagrada Família,25,2037,602,2024-01-01T00:00:00
2,2,Eixample,6,la Sagrada Família,25,2037,542,2024-01-01T00:00:00
2,1,Eixample,6,la Sagrada Família,25,2038,802,2024-01-01T00:00:00
2,2,Eixample,6,la Sagrada Família,25,2038,726,2024-01-01T00:00:00
2,1,Eixample,6,la Sagrada Família,25,2039,1051,2024-01-01T00:00:00
2,2,Eixample,6,la Sagrada Família,25,2039,825,2024-01-01T00:00:00
2,1,Eixample,6,la Sagrada Família,25,2040,948,2024-01-01T00:00:00
2,2,Eixample,6,la Sagrada Família,25,2040,835,2024-01-01T00:00:00
2,1,Eixample,6,la Sagrada Família,26,2041,949,2024-01-01T00:00:00
2,2,Eixample,6,la Sagrada Família,26,2041,744,2024-01-01T00:00:00
2,1,Eixample,6,la Sagrada Família,26,2042,926,2024-01-01T00:00:00
2,2,Eixample,6,la Sagrada Família,26,2042,782,2024-01-01T00:00:00
2,1,Eixample,6,la Sagrada Família,26,2043,804,2024-01-01T00:00:00
2,2,Eixample,6,la Sagrada Família,26,2043,710,2024-01-01T00:00:00
2,1,Eixample,6,la Sagrada Família,26,2044,733,2024-01-01T00:00:00
2,2,Eixample,6,la Sagrada Família,26,2044,593,2024-01-01T00:00:00
2,1,Eixample,6,la Sagrada Família,26,2045,626,2024-01-01T00:00:00
2,2,Eixample,6,la Sagrada Família,26,2045,543,2024-01-01T00:00:00
2,1,Eixample,6,la Sagrada Família,26,2046,1081,2024-01-01T00:00:00
2,2,Eixample,6,la Sagrada Família,26,2046,921,2024-01-01T00:00:00
2,1,Eixample,6,la Sagrada Família,26,2047,1065,2024-01-01T00:00:00
2,2,Eixample,6,la Sagrada Família,26,2047,926,2024-01-01T00:00:00
2,1,Eixample,6,la Sagrada Família,26,2048,698,2024-01-01T00:00:00
2,2,Eixample,6,la Sagrada Família,26,2048,613,2024-01-01T00:00:00
2,1,Eixample,6,la Sagrada Família,27,2049,1137,2024-01-01T00:00:00
2,2,Eixample,6,la Sagrada Família,27,2049,950,2024-01-01T00:00:00
2,1,Eixample,6,la Sagrada Família,27,2050,941,2024-01-01T00:00:00
2,2,Eixample,6,la Sagrada Família,27,2050,745,2024-01-01T00:00:00
2,1,Eixample,6,la Sagrada Família,27,2051,1049,2024-01-01T00:00:00
2,2,Eixample,6,la Sagrada Família,27,2051,877,2024-01-01T00:00:00
2,1,Eixample,6,la Sagrada Família,27,2052,987,2024-01-01T00:00:00
2,2,Eixample,6,la Sagrada Família,27,2052,837,2024-01-01T00:00:00
2,1,Eixample,6,la Sagrada Família,27,2053,1008,2024-01-01T00:00:00
2,2,Eixample,6,la Sagrada Família,27,2053,891,2024-01-01T00:00:00
2,1,Eixample,6,la Sagrada Família,27,2054,1059,2024-01-01T00:00:00
2,2,Eixample,6,la Sagrada Família,27,2054,933,2024-01-01T00:00:00
2,1,Eixample,7,la Dreta de l'Eixample,28,2055,998,2024-01-01T00:00:00
2,2,Eixample,7,la Dreta de l'Eixample,28,2055,839,2024-01-01T00:00:00
2,1,Eixample,7,la Dreta de l'Eixample,28,2056,848,2024-01-01T00:00:00
2,2,Eixample,7,la Dreta de l'Eixample,28,2056,692,2024-01-01T00:00:00
2,1,Eixample,7,la Dreta de l'Eixample,28,2057,654,2024-01-01T00:00:00
2,2,Eixample,7,la Dreta de l'Eixample,28,2057,600,2024-01-01T00:00:00
2,1,Eixample,7,la Dreta de l'Eixample,28,2058,764,2024-01-01T00:00:00
2,2,Eixample,7,la Dreta de l'Eixample,28,2058,685,2024-01-01T00:00:00
2,1,Eixample,7,la Dreta de l'Eixample,28,2059,930,2024-01-01T00:00:00
2,2,Eixample,7,la Dreta de l'Eixample,28,2059,806,2024-01-01T00:00:00
2,1,Eixample,7,la Dreta de l'Eixample,28,2060,926,2024-01-01T00:00:00
2,2,Eixample,7,la Dreta de l'Eixample,28,2060,757,2024-01-01T00:00:00
2,1,Eixample,7,la Dreta de l'Eixample,29,2061,773,2024-01-01T00:00:00
2,2,Eixample,7,la Dreta de l'Eixample,29,2061,611,2024-01-01T00:00:00
2,1,Eixample,7,la Dreta de l'Eixample,29,2062,825,2024-01-01T00:00:00
2,2,Eixample,7,la Dreta de l'Eixample,29,2062,754,2024-01-01T00:00:00
2,1,Eixample,7,la Dreta de l'Eixample,29,2063,734,2024-01-01T00:00:00
2,2,Eixample,7,la Dreta de l'Eixample,29,2063,492,2024-01-01T00:00:00
2,1,Eixample,7,la Dreta de l'Eixample,29,2064,697,2024-01-01T00:00:00
2,2,Eixample,7,la Dreta de l'Eixample,29,2064,601,2024-01-01T00:00:00
2,1,Eixample,7,la Dreta de l'Eixample,29,2065,967,2024-01-01T00:00:00
2,2,Eixample,7,la Dreta de l'Eixample,29,2065,850,2024-01-01T00:00:00
2,1,Eixample,7,la Dreta de l'Eixample,30,2066,963,2024-01-01T00:00:00
2,2,Eixample,7,la Dreta de l'Eixample,30,2066,794,2024-01-01T00:00:00
2,1,Eixample,7,la Dreta de l'Eixample,30,2067,945,2024-01-01T00:00:00
2,2,Eixample,7,la Dreta de l'Eixample,30,2067,770,2024-01-01T00:00:00
2,1,Eixample,7,la Dreta de l'Eixample,30,2068,893,2024-01-01T00:00:00
2,2,Eixample,7,la Dreta de l'Eixample,30,2068,803,2024-01-01T00:00:00
2,1,Eixample,7,la Dreta de l'Eixample,30,2069,770,2024-01-01T00:00:00
2,2,Eixample,7,la Dreta de l'Eixample,30,2069,647,2024-01-01T00:00:00
2,1,Eixample,7,la Dreta de l'Eixample,31,2070,699,2024-01-01T00:00:00
2,2,Eixample,7,la Dreta de l'Eixample,31,2070,570,2024-01-01T00:00:00
2,1,Eixample,7,la Dreta de l'Eixample,31,2071,844,2024-01-01T00:00:00
2,2,Eixample,7,la Dreta de l'Eixample,31,2071,790,2024-01-01T00:00:00
2,1,Eixample,7,la Dreta de l'Eixample,31,2072,626,2024-01-01T00:00:00
2,2,Eixample,7,la Dreta de l'Eixample,31,2072,623,2024-01-01T00:00:00
2,1,Eixample,7,la Dreta de l'Eixample,32,2073,905,2024-01-01T00:00:00
2,2,Eixample,7,la Dreta de l'Eixample,32,2073,790,2024-01-01T00:00:00
2,1,Eixample,7,la Dreta de l'Eixample,32,2074,630,2024-01-01T00:00:00
2,2,Eixample,7,la Dreta de l'Eixample,32,2074,661,2024-01-01T00:00:00
2,1,Eixample,7,la Dreta de l'Eixample,32,2075,636,2024-01-01T00:00:00
2,2,Eixample,7,la Dreta de l'Eixample,32,2075,577,2024-01-01T00:00:00
2,1,Eixample,7,la Dreta de l'Eixample,32,2076,871,2024-01-01T00:00:00
2,2,Eixample,7,la Dreta de l'Eixample,32,2076,800,2024-01-01T00:00:00
2,1,Eixample,7,la Dreta de l'Eixample,33,2077,908,2024-01-01T00:00:00
2,2,Eixample,7,la Dreta de l'Eixample,33,2077,902,2024-01-01T00:00:00
2,1,Eixample,7,la Dreta de l'Eixample,34,2078,765,2024-01-01T00:00:00
2,2,Eixample,7,la Dreta de l'Eixample,34,2078,663,2024-01-01T00:00:00
2,1,Eixample,7,la Dreta de l'Eixample,34,2079,761,2024-01-01T00:00:00
2,2,Eixample,7,la Dreta de l'Eixample,34,2079,726,2024-01-01T00:00:00
2,1,Eixample,7,la Dreta de l'Eixample,35,2080,839,2024-01-01T00:00:00
2,2,Eixample,7,la Dreta de l'Eixample,35,2080,767,2024-01-01T00:00:00
2,1,Eixample,7,la Dreta de l'Eixample,35,2081,1151,2024-01-01T00:00:00
2,2,Eixample,7,la Dreta de l'Eixample,35,2081,1019,2024-01-01T00:00:00
2,1,Eixample,7,la Dreta de l'Eixample,36,2082,538,2024-01-01T00:00:00
2,2,Eixample,7,la Dreta de l'Eixample,36,2082,464,2024-01-01T00:00:00
2,1,Eixample,7,la Dreta de l'Eixample,36,2083,1079,2024-01-01T00:00:00
2,2,Eixample,7,la Dreta de l'Eixample,36,2083,895,2024-01-01T00:00:00
2,1,Eixample,8,l'Antiga Esquerra de l'Eixample,37,2084,1160,2024-01-01T00:00:00
2,2,Eixample,8,l'Antiga Esquerra de l'Eixample,37,2084,956,2024-01-01T00:00:00
2,1,Eixample,8,l'Antiga Esquerra de l'Eixample,37,2085,831,2024-01-01T00:00:00
2,2,Eixample,8,l'Antiga Esquerra de l'Eixample,37,2085,656,2024-01-01T00:00:00
2,1,Eixample,8,l'Antiga Esquerra de l'Eixample,37,2086,784,2024-01-01T00:00:00
2,2,Eixample,8,l'Antiga Esquerra de l'Eixample,37,2086,624,2024-01-01T00:00:00
2,1,Eixample,8,l'Antiga Esquerra de l'Eixample,37,2087,793,2024-01-01T00:00:00
2,2,Eixample,8,l'Antiga Esquerra de l'Eixample,37,2087,621,2024-01-01T00:00:00
2,1,Eixample,8,l'Antiga Esquerra de l'Eixample,38,2088,894,2024-01-01T00:00:00
2,2,Eixample,8,l'Antiga Esquerra de l'Eixample,38,2088,795,2024-01-01T00:00:00
2,1,Eixample,8,l'Antiga Esquerra de l'Eixample,38,2089,981,2024-01-01T00:00:00
2,2,Eixample,8,l'Antiga Esquerra de l'Eixample,38,2089,895,2024-01-01T00:00:00
2,1,Eixample,8,l'Antiga Esquerra de l'Eixample,38,2090,975,2024-01-01T00:00:00
2,2,Eixample,8,l'Antiga Esquerra de l'Eixample,38,2090,826,2024-01-01T00:00:00
2,1,Eixample,8,l'Antiga Esquerra de l'Eixample,39,2091,1101,2024-01-01T00:00:00
2,2,Eixample,8,l'Antiga Esquerra de l'Eixample,39,2091,1706,2024-01-01T00:00:00
2,1,Eixample,8,l'Antiga Esquerra de l'Eixample,39,2092,888,2024-01-01T00:00:00
2,2,Eixample,8,l'Antiga Esquerra de l'Eixample,39,2092,892,2024-01-01T00:00:00
2,1,Eixample,8,l'Antiga Esquerra de l'Eixample,40,2093,869,2024-01-01T00:00:00
2,2,Eixample,8,l'Antiga Esquerra de l'Eixample,40,2093,825,2024-01-01T00:00:00
2,1,Eixample,8,l'Antiga Esquerra de l'Eixample,40,2094,804,2024-01-01T00:00:00
2,2,Eixample,8,l'Antiga Esquerra de l'Eixample,40,2094,708,2024-01-01T00:00:00
2,1,Eixample,8,l'Antiga Esquerra de l'Eixample,40,2095,799,2024-01-01T00:00:00
2,2,Eixample,8,l'Antiga Esquerra de l'Eixample,40,2095,775,2024-01-01T00:00:00
2,1,Eixample,8,l'Antiga Esquerra de l'Eixample,40,2096,752,2024-01-01T00:00:00
2,2,Eixample,8,l'Antiga Esquerra de l'Eixample,40,2096,687,2024-01-01T00:00:00
2,1,Eixample,8,l'Antiga Esquerra de l'Eixample,40,2097,598,2024-01-01T00:00:00
2,2,Eixample,8,l'Antiga Esquerra de l'Eixample,40,2097,522,2024-01-01T00:00:00
2,1,Eixample,8,l'Antiga Esquerra de l'Eixample,41,2098,784,2024-01-01T00:00:00
2,2,Eixample,8,l'Antiga Esquerra de l'Eixample,41,2098,733,2024-01-01T00:00:00
2,1,Eixample,8,l'Antiga Esquerra de l'Eixample,41,2099,820,2024-01-01T00:00:00
2,2,Eixample,8,l'Antiga Esquerra de l'Eixample,41,2099,746,2024-01-01T00:00:00
2,1,Eixample,8,l'Antiga Esquerra de l'Eixample,41,2100,736,2024-01-01T00:00:00
2,2,Eixample,8,l'Antiga Esquerra de l'Eixample,41,2100,640,2024-01-01T00:00:00
2,1,Eixample,8,l'Antiga Esquerra de l'Eixample,41,2101,1225,2024-01-01T00:00:00
2,2,Eixample,10,Sant Antoni,51,2154,477,2024-01-01T00:00:00
2,2,Eixample,8,l'Antiga Esquerra de l'Eixample,41,2101,1011,2024-01-01T00:00:00
2,1,Eixample,8,l'Antiga Esquerra de l'Eixample,42,2102,755,2024-01-01T00:00:00
2,2,Eixample,8,l'Antiga Esquerra de l'Eixample,42,2102,614,2024-01-01T00:00:00
2,1,Eixample,8,l'Antiga Esquerra de l'Eixample,42,2103,906,2024-01-01T00:00:00
2,2,Eixample,8,l'Antiga Esquerra de l'Eixample,42,2103,781,2024-01-01T00:00:00
2,1,Eixample,8,l'Antiga Esquerra de l'Eixample,42,2104,644,2024-01-01T00:00:00
2,2,Eixample,8,l'Antiga Esquerra de l'Eixample,42,2104,559,2024-01-01T00:00:00
2,1,Eixample,8,l'Antiga Esquerra de l'Eixample,42,2105,1194,2024-01-01T00:00:00
2,2,Eixample,8,l'Antiga Esquerra de l'Eixample,42,2105,1010,2024-01-01T00:00:00
2,1,Eixample,8,l'Antiga Esquerra de l'Eixample,43,2106,804,2024-01-01T00:00:00
2,2,Eixample,8,l'Antiga Esquerra de l'Eixample,43,2106,665,2024-01-01T00:00:00
2,1,Eixample,8,l'Antiga Esquerra de l'Eixample,43,2107,880,2024-01-01T00:00:00
2,2,Eixample,8,l'Antiga Esquerra de l'Eixample,43,2107,759,2024-01-01T00:00:00
2,1,Eixample,8,l'Antiga Esquerra de l'Eixample,43,2108,910,2024-01-01T00:00:00
2,2,Eixample,8,l'Antiga Esquerra de l'Eixample,43,2108,721,2024-01-01T00:00:00
2,1,Eixample,8,l'Antiga Esquerra de l'Eixample,43,2109,1204,2024-01-01T00:00:00
2,2,Eixample,8,l'Antiga Esquerra de l'Eixample,43,2109,990,2024-01-01T00:00:00
2,1,Eixample,9,la Nova Esquerra de l'Eixample,44,2110,1047,2024-01-01T00:00:00
2,2,Eixample,9,la Nova Esquerra de l'Eixample,44,2110,865,2024-01-01T00:00:00
2,1,Eixample,9,la Nova Esquerra de l'Eixample,44,2111,1033,2024-01-01T00:00:00
2,2,Eixample,9,la Nova Esquerra de l'Eixample,44,2111,881,2024-01-01T00:00:00
2,1,Eixample,9,la Nova Esquerra de l'Eixample,44,2112,717,2024-01-01T00:00:00
2,2,Eixample,9,la Nova Esquerra de l'Eixample,44,2112,587,2024-01-01T00:00:00
2,1,Eixample,9,la Nova Esquerra de l'Eixample,44,2113,1196,2024-01-01T00:00:00
2,2,Eixample,9,la Nova Esquerra de l'Eixample,44,2113,1083,2024-01-01T00:00:00
2,1,Eixample,9,la Nova Esquerra de l'Eixample,44,2114,914,2024-01-01T00:00:00
2,2,Eixample,9,la Nova Esquerra de l'Eixample,44,2114,776,2024-01-01T00:00:00
2,1,Eixample,9,la Nova Esquerra de l'Eixample,45,2115,756,2024-01-01T00:00:00
2,2,Eixample,9,la Nova Esquerra de l'Eixample,45,2115,646,2024-01-01T00:00:00
2,1,Eixample,9,la Nova Esquerra de l'Eixample,45,2116,523,2024-01-01T00:00:00
2,2,Eixample,9,la Nova Esquerra de l'Eixample,45,2116,443,2024-01-01T00:00:00
2,1,Eixample,9,la Nova Esquerra de l'Eixample,45,2117,679,2024-01-01T00:00:00
2,2,Eixample,9,la Nova Esquerra de l'Eixample,45,2117,530,2024-01-01T00:00:00
2,1,Eixample,9,la Nova Esquerra de l'Eixample,45,2118,783,2024-01-01T00:00:00
2,2,Eixample,9,la Nova Esquerra de l'Eixample,45,2118,638,2024-01-01T00:00:00
2,1,Eixample,9,la Nova Esquerra de l'Eixample,45,2119,657,2024-01-01T00:00:00
2,2,Eixample,9,la Nova Esquerra de l'Eixample,45,2119,601,2024-01-01T00:00:00
2,1,Eixample,9,la Nova Esquerra de l'Eixample,45,2120,603,2024-01-01T00:00:00
2,2,Eixample,9,la Nova Esquerra de l'Eixample,45,2120,547,2024-01-01T00:00:00
2,1,Eixample,9,la Nova Esquerra de l'Eixample,45,2121,674,2024-01-01T00:00:00
2,2,Eixample,9,la Nova Esquerra de l'Eixample,45,2121,586,2024-01-01T00:00:00
2,1,Eixample,9,la Nova Esquerra de l'Eixample,45,2122,572,2024-01-01T00:00:00
2,2,Eixample,9,la Nova Esquerra de l'Eixample,45,2122,468,2024-01-01T00:00:00
2,1,Eixample,9,la Nova Esquerra de l'Eixample,45,2123,610,2024-01-01T00:00:00
2,2,Eixample,9,la Nova Esquerra de l'Eixample,45,2123,540,2024-01-01T00:00:00
2,1,Eixample,9,la Nova Esquerra de l'Eixample,46,2124,613,2024-01-01T00:00:00
2,2,Eixample,9,la Nova Esquerra de l'Eixample,46,2124,521,2024-01-01T00:00:00
2,1,Eixample,9,la Nova Esquerra de l'Eixample,46,2125,909,2024-01-01T00:00:00
2,2,Eixample,9,la Nova Esquerra de l'Eixample,46,2125,734,2024-01-01T00:00:00
2,1,Eixample,9,la Nova Esquerra de l'Eixample,46,2126,777,2024-01-01T00:00:00
2,2,Eixample,9,la Nova Esquerra de l'Eixample,46,2126,665,2024-01-01T00:00:00
2,1,Eixample,9,la Nova Esquerra de l'Eixample,46,2127,687,2024-01-01T00:00:00
2,2,Eixample,9,la Nova Esquerra de l'Eixample,46,2127,601,2024-01-01T00:00:00
2,1,Eixample,9,la Nova Esquerra de l'Eixample,46,2128,716,2024-01-01T00:00:00
2,2,Eixample,9,la Nova Esquerra de l'Eixample,46,2128,604,2024-01-01T00:00:00
2,1,Eixample,9,la Nova Esquerra de l'Eixample,46,2129,837,2024-01-01T00:00:00
2,2,Eixample,9,la Nova Esquerra de l'Eixample,46,2129,699,2024-01-01T00:00:00
2,1,Eixample,9,la Nova Esquerra de l'Eixample,47,2130,587,2024-01-01T00:00:00
2,2,Eixample,9,la Nova Esquerra de l'Eixample,47,2130,519,2024-01-01T00:00:00
2,1,Eixample,9,la Nova Esquerra de l'Eixample,47,2131,608,2024-01-01T00:00:00
2,2,Eixample,9,la Nova Esquerra de l'Eixample,47,2131,523,2024-01-01T00:00:00
2,1,Eixample,9,la Nova Esquerra de l'Eixample,47,2132,505,2024-01-01T00:00:00
2,2,Eixample,9,la Nova Esquerra de l'Eixample,47,2132,499,2024-01-01T00:00:00
2,1,Eixample,9,la Nova Esquerra de l'Eixample,47,2133,483,2024-01-01T00:00:00
2,2,Eixample,9,la Nova Esquerra de l'Eixample,47,2133,392,2024-01-01T00:00:00
2,1,Eixample,9,la Nova Esquerra de l'Eixample,47,2134,765,2024-01-01T00:00:00
2,2,Eixample,9,la Nova Esquerra de l'Eixample,47,2134,703,2024-01-01T00:00:00
2,1,Eixample,9,la Nova Esquerra de l'Eixample,47,2135,1146,2024-01-01T00:00:00
2,2,Eixample,9,la Nova Esquerra de l'Eixample,47,2135,965,2024-01-01T00:00:00
2,1,Eixample,9,la Nova Esquerra de l'Eixample,47,2136,455,2024-01-01T00:00:00
2,2,Eixample,9,la Nova Esquerra de l'Eixample,47,2136,424,2024-01-01T00:00:00
2,1,Eixample,9,la Nova Esquerra de l'Eixample,48,2137,807,2024-01-01T00:00:00
2,2,Eixample,9,la Nova Esquerra de l'Eixample,48,2137,698,2024-01-01T00:00:00
2,1,Eixample,9,la Nova Esquerra de l'Eixample,48,2138,1051,2024-01-01T00:00:00
2,2,Eixample,9,la Nova Esquerra de l'Eixample,48,2138,915,2024-01-01T00:00:00
2,1,Eixample,9,la Nova Esquerra de l'Eixample,48,2139,906,2024-01-01T00:00:00
2,2,Eixample,9,la Nova Esquerra de l'Eixample,48,2139,788,2024-01-01T00:00:00
2,1,Eixample,9,la Nova Esquerra de l'Eixample,48,2140,1007,2024-01-01T00:00:00
2,2,Eixample,9,la Nova Esquerra de l'Eixample,48,2140,900,2024-01-01T00:00:00
2,1,Eixample,9,la Nova Esquerra de l'Eixample,48,2141,677,2024-01-01T00:00:00
2,2,Eixample,9,la Nova Esquerra de l'Eixample,48,2141,548,2024-01-01T00:00:00
2,1,Eixample,9,la Nova Esquerra de l'Eixample,49,2142,1019,2024-01-01T00:00:00
2,2,Eixample,9,la Nova Esquerra de l'Eixample,49,2142,953,2024-01-01T00:00:00
2,1,Eixample,9,la Nova Esquerra de l'Eixample,49,2143,789,2024-01-01T00:00:00
2,2,Eixample,9,la Nova Esquerra de l'Eixample,49,2143,773,2024-01-01T00:00:00
2,1,Eixample,9,la Nova Esquerra de l'Eixample,49,2144,800,2024-01-01T00:00:00
2,2,Eixample,9,la Nova Esquerra de l'Eixample,49,2144,743,2024-01-01T00:00:00
2,1,Eixample,9,la Nova Esquerra de l'Eixample,49,2145,633,2024-01-01T00:00:00
2,2,Eixample,9,la Nova Esquerra de l'Eixample,49,2145,605,2024-01-01T00:00:00
2,1,Eixample,9,la Nova Esquerra de l'Eixample,50,2146,673,2024-01-01T00:00:00
2,2,Eixample,9,la Nova Esquerra de l'Eixample,50,2146,562,2024-01-01T00:00:00
2,1,Eixample,9,la Nova Esquerra de l'Eixample,50,2147,1113,2024-01-01T00:00:00
2,2,Eixample,9,la Nova Esquerra de l'Eixample,50,2147,1004,2024-01-01T00:00:00
2,1,Eixample,9,la Nova Esquerra de l'Eixample,50,2148,821,2024-01-01T00:00:00
2,2,Eixample,9,la Nova Esquerra de l'Eixample,50,2148,747,2024-01-01T00:00:00
2,1,Eixample,9,la Nova Esquerra de l'Eixample,50,2149,959,2024-01-01T00:00:00
2,2,Eixample,9,la Nova Esquerra de l'Eixample,50,2149,916,2024-01-01T00:00:00
2,1,Eixample,10,Sant Antoni,51,2150,793,2024-01-01T00:00:00
2,2,Eixample,10,Sant Antoni,51,2150,755,2024-01-01T00:00:00
2,1,Eixample,10,Sant Antoni,51,2151,800,2024-01-01T00:00:00
2,2,Eixample,10,Sant Antoni,51,2151,696,2024-01-01T00:00:00
2,1,Eixample,10,Sant Antoni,51,2152,659,2024-01-01T00:00:00
2,2,Eixample,10,Sant Antoni,51,2152,592,2024-01-01T00:00:00
2,1,Eixample,10,Sant Antoni,51,2153,759,2024-01-01T00:00:00
2,2,Eixample,10,Sant Antoni,51,2153,652,2024-01-01T00:00:00
2,1,Eixample,10,Sant Antoni,51,2154,585,2024-01-01T00:00:00
2,1,Eixample,10,Sant Antoni,51,2155,975,2024-01-01T00:00:00
2,2,Eixample,10,Sant Antoni,51,2155,883,2024-01-01T00:00:00
2,1,Eixample,10,Sant Antoni,51,2156,693,2024-01-01T00:00:00
2,2,Eixample,10,Sant Antoni,51,2156,609,2024-01-01T00:00:00
2,1,Eixample,10,Sant Antoni,51,2157,675,2024-01-01T00:00:00
2,2,Eixample,10,Sant Antoni,51,2157,587,2024-01-01T00:00:00
2,1,Eixample,10,Sant Antoni,52,2158,889,2024-01-01T00:00:00
2,2,Eixample,10,Sant Antoni,52,2158,809,2024-01-01T00:00:00
2,1,Eixample,10,Sant Antoni,52,2159,1007,2024-01-01T00:00:00
2,2,Eixample,10,Sant Antoni,52,2159,933,2024-01-01T00:00:00
2,1,Eixample,10,Sant Antoni,52,2160,1020,2024-01-01T00:00:00
2,2,Eixample,10,Sant Antoni,52,2160,966,2024-01-01T00:00:00
2,1,Eixample,10,Sant Antoni,52,2161,599,2024-01-01T00:00:00
2,2,Eixample,10,Sant Antoni,52,2161,559,2024-01-01T00:00:00
2,1,Eixample,10,Sant Antoni,52,2162,733,2024-01-01T00:00:00
2,2,Eixample,10,Sant Antoni,52,2162,676,2024-01-01T00:00:00
2,1,Eixample,10,Sant Antoni,53,2163,929,2024-01-01T00:00:00
2,2,Eixample,10,Sant Antoni,53,2163,909,2024-01-01T00:00:00
2,1,Eixample,10,Sant Antoni,53,2164,802,2024-01-01T00:00:00
2,2,Eixample,10,Sant Antoni,53,2164,767,2024-01-01T00:00:00
2,1,Eixample,10,Sant Antoni,53,2165,877,2024-01-01T00:00:00
2,2,Eixample,10,Sant Antoni,53,2165,808,2024-01-01T00:00:00
2,1,Eixample,10,Sant Antoni,54,2166,1105,2024-01-01T00:00:00
2,2,Eixample,10,Sant Antoni,54,2166,1003,2024-01-01T00:00:00
2,1,Eixample,10,Sant Antoni,54,2167,1101,2024-01-01T00:00:00
2,2,Eixample,10,Sant Antoni,54,2167,1071,2024-01-01T00:00:00
2,1,Eixample,10,Sant Antoni,54,2168,1217,2024-01-01T00:00:00
2,2,Eixample,10,Sant Antoni,54,2168,1041,2024-01-01T00:00:00
2,1,Eixample,10,Sant Antoni,55,2169,777,2024-01-01T00:00:00
2,2,Eixample,10,Sant Antoni,55,2169,746,2024-01-01T00:00:00
2,1,Eixample,10,Sant Antoni,55,2170,811,2024-01-01T00:00:00
2,2,Eixample,10,Sant Antoni,55,2170,728,2024-01-01T00:00:00
2,1,Eixample,10,Sant Antoni,55,2171,831,2024-01-01T00:00:00
2,2,Eixample,10,Sant Antoni,55,2171,793,2024-01-01T00:00:00
2,1,Eixample,10,Sant Antoni,55,2172,789,2024-01-01T00:00:00
2,2,Eixample,10,Sant Antoni,55,2172,699,2024-01-01T00:00:00
2,1,Eixample,10,Sant Antoni,55,2173,794,2024-01-01T00:00:00
2,2,Eixample,10,Sant Antoni,55,2173,719,2024-01-01T00:00:00
3,1,Sants-Montjuïc,11,el Poble-sec,56,3001,914,2024-01-01T00:00:00
3,2,Sants-Montjuïc,11,el Poble-sec,56,3001,802,2024-01-01T00:00:00
3,1,Sants-Montjuïc,11,el Poble-sec,56,3002,962,2024-01-01T00:00:00
3,2,Sants-Montjuïc,11,el Poble-sec,56,3002,929,2024-01-01T00:00:00
3,1,Sants-Montjuïc,11,el Poble-sec,56,3003,847,2024-01-01T00:00:00
3,2,Sants-Montjuïc,11,el Poble-sec,56,3003,801,2024-01-01T00:00:00
3,1,Sants-Montjuïc,11,el Poble-sec,56,3004,816,2024-01-01T00:00:00
3,2,Sants-Montjuïc,11,el Poble-sec,56,3004,720,2024-01-01T00:00:00
3,1,Sants-Montjuïc,11,el Poble-sec,56,3005,637,2024-01-01T00:00:00
3,2,Sants-Montjuïc,11,el Poble-sec,56,3005,606,2024-01-01T00:00:00
3,1,Sants-Montjuïc,11,el Poble-sec,56,3006,685,2024-01-01T00:00:00
3,2,Sants-Montjuïc,11,el Poble-sec,56,3006,711,2024-01-01T00:00:00
3,1,Sants-Montjuïc,11,el Poble-sec,56,3007,872,2024-01-01T00:00:00
3,2,Sants-Montjuïc,11,el Poble-sec,56,3007,787,2024-01-01T00:00:00
3,1,Sants-Montjuïc,11,el Poble-sec,56,3008,606,2024-01-01T00:00:00
3,2,Sants-Montjuïc,11,el Poble-sec,56,3008,547,2024-01-01T00:00:00
3,1,Sants-Montjuïc,11,el Poble-sec,56,3009,640,2024-01-01T00:00:00
3,2,Sants-Montjuïc,11,el Poble-sec,56,3009,564,2024-01-01T00:00:00
3,1,Sants-Montjuïc,11,el Poble-sec,57,3010,897,2024-01-01T00:00:00
3,2,Sants-Montjuïc,11,el Poble-sec,57,3010,990,2024-01-01T00:00:00
3,1,Sants-Montjuïc,11,el Poble-sec,57,3011,920,2024-01-01T00:00:00
3,2,Sants-Montjuïc,11,el Poble-sec,57,3011,894,2024-01-01T00:00:00
3,1,Sants-Montjuïc,11,el Poble-sec,57,3012,1078,2024-01-01T00:00:00
3,2,Sants-Montjuïc,11,el Poble-sec,57,3012,1004,2024-01-01T00:00:00
3,1,Sants-Montjuïc,11,el Poble-sec,57,3013,862,2024-01-01T00:00:00
3,2,Sants-Montjuïc,11,el Poble-sec,57,3013,894,2024-01-01T00:00:00
3,1,Sants-Montjuïc,11,el Poble-sec,57,3014,860,2024-01-01T00:00:00
3,2,Sants-Montjuïc,11,el Poble-sec,57,3014,901,2024-01-01T00:00:00
3,1,Sants-Montjuïc,11,el Poble-sec,57,3015,1502,2024-01-01T00:00:00
3,2,Sants-Montjuïc,11,el Poble-sec,57,3015,1429,2024-01-01T00:00:00
3,1,Sants-Montjuïc,11,el Poble-sec,57,3016,653,2024-01-01T00:00:00
3,2,Sants-Montjuïc,11,el Poble-sec,57,3016,584,2024-01-01T00:00:00
3,1,Sants-Montjuïc,11,el Poble-sec,57,3017,814,2024-01-01T00:00:00
3,2,Sants-Montjuïc,11,el Poble-sec,57,3017,814,2024-01-01T00:00:00
3,1,Sants-Montjuïc,11,el Poble-sec,58,3018,812,2024-01-01T00:00:00
3,2,Sants-Montjuïc,11,el Poble-sec,58,3018,860,2024-01-01T00:00:00
3,1,Sants-Montjuïc,11,el Poble-sec,58,3019,760,2024-01-01T00:00:00
3,2,Sants-Montjuïc,11,el Poble-sec,58,3019,689,2024-01-01T00:00:00
3,1,Sants-Montjuïc,11,el Poble-sec,58,3020,585,2024-01-01T00:00:00
3,2,Sants-Montjuïc,11,el Poble-sec,58,3020,651,2024-01-01T00:00:00
3,1,Sants-Montjuïc,11,el Poble-sec,58,3021,545,2024-01-01T00:00:00
3,2,Sants-Montjuïc,11,el Poble-sec,58,3021,498,2024-01-01T00:00:00
3,1,Sants-Montjuïc,11,el Poble-sec,58,3022,729,2024-01-01T00:00:00
3,2,Sants-Montjuïc,11,el Poble-sec,58,3022,721,2024-01-01T00:00:00
3,1,Sants-Montjuïc,11,el Poble-sec,59,3023,911,2024-01-01T00:00:00
3,2,Sants-Montjuïc,11,el Poble-sec,59,3023,865,2024-01-01T00:00:00
3,1,Sants-Montjuïc,11,el Poble-sec,59,3024,995,2024-01-01T00:00:00
3,2,Sants-Montjuïc,11,el Poble-sec,59,3024,1014,2024-01-01T00:00:00
3,1,Sants-Montjuïc,12,la Marina del Prat Vermell,60,3025,983,2024-01-01T00:00:00
3,2,Sants-Montjuïc,12,la Marina del Prat Vermell,60,3025,994,2024-01-01T00:00:00
3,1,Sants-Montjuïc,13,la Marina de Port,61,3026,535,2024-01-01T00:00:00
3,2,Sants-Montjuïc,13,la Marina de Port,61,3026,487,2024-01-01T00:00:00
3,1,Sants-Montjuïc,13,la Marina de Port,61,3027,905,2024-01-01T00:00:00
3,2,Sants-Montjuïc,13,la Marina de Port,61,3027,827,2024-01-01T00:00:00
3,1,Sants-Montjuïc,13,la Marina de Port,61,3028,1403,2024-01-01T00:00:00
3,2,Sants-Montjuïc,13,la Marina de Port,61,3028,1276,2024-01-01T00:00:00
3,1,Sants-Montjuïc,13,la Marina de Port,61,3029,674,2024-01-01T00:00:00
3,2,Sants-Montjuïc,13,la Marina de Port,61,3029,625,2024-01-01T00:00:00
3,1,Sants-Montjuïc,13,la Marina de Port,61,3030,860,2024-01-01T00:00:00
3,2,Sants-Montjuïc,13,la Marina de Port,61,3030,739,2024-01-01T00:00:00
3,1,Sants-Montjuïc,13,la Marina de Port,62,3031,1226,2024-01-01T00:00:00
3,2,Sants-Montjuïc,13,la Marina de Port,62,3031,1115,2024-01-01T00:00:00
3,1,Sants-Montjuïc,13,la Marina de Port,62,3032,938,2024-01-01T00:00:00
3,2,Sants-Montjuïc,13,la Marina de Port,62,3032,857,2024-01-01T00:00:00
3,1,Sants-Montjuïc,13,la Marina de Port,62,3033,771,2024-01-01T00:00:00
3,2,Sants-Montjuïc,13,la Marina de Port,62,3033,727,2024-01-01T00:00:00
3,1,Sants-Montjuïc,13,la Marina de Port,62,3034,787,2024-01-01T00:00:00
3,2,Sants-Montjuïc,13,la Marina de Port,62,3034,719,2024-01-01T00:00:00
3,1,Sants-Montjuïc,13,la Marina de Port,62,3211,781,2024-01-01T00:00:00
3,2,Sants-Montjuïc,13,la Marina de Port,62,3211,744,2024-01-01T00:00:00
3,1,Sants-Montjuïc,13,la Marina de Port,63,3035,1187,2024-01-01T00:00:00
3,2,Sants-Montjuïc,13,la Marina de Port,63,3035,1111,2024-01-01T00:00:00
3,1,Sants-Montjuïc,13,la Marina de Port,63,3036,1271,2024-01-01T00:00:00
3,2,Sants-Montjuïc,13,la Marina de Port,63,3036,1141,2024-01-01T00:00:00
3,1,Sants-Montjuïc,13,la Marina de Port,63,3037,519,2024-01-01T00:00:00
3,2,Sants-Montjuïc,13,la Marina de Port,63,3037,467,2024-01-01T00:00:00
3,1,Sants-Montjuïc,13,la Marina de Port,63,3212,1308,2024-01-01T00:00:00
3,2,Sants-Montjuïc,13,la Marina de Port,63,3212,1145,2024-01-01T00:00:00
3,1,Sants-Montjuïc,13,la Marina de Port,63,3213,1192,2024-01-01T00:00:00
3,2,Sants-Montjuïc,13,la Marina de Port,63,3213,1127,2024-01-01T00:00:00
3,1,Sants-Montjuïc,13,la Marina de Port,64,3038,502,2024-01-01T00:00:00
3,2,Sants-Montjuïc,13,la Marina de Port,64,3038,466,2024-01-01T00:00:00
3,1,Sants-Montjuïc,13,la Marina de Port,64,3039,1305,2024-01-01T00:00:00
3,2,Sants-Montjuïc,13,la Marina de Port,64,3039,1223,2024-01-01T00:00:00
3,1,Sants-Montjuïc,14,la Font de la Guatlla,65,3040,815,2024-01-01T00:00:00
3,2,Sants-Montjuïc,14,la Font de la Guatlla,65,3040,1057,2024-01-01T00:00:00
3,1,Sants-Montjuïc,14,la Font de la Guatlla,65,3041,736,2024-01-01T00:00:00
3,2,Sants-Montjuïc,14,la Font de la Guatlla,65,3041,688,2024-01-01T00:00:00
3,1,Sants-Montjuïc,14,la Font de la Guatlla,65,3042,691,2024-01-01T00:00:00
3,2,Sants-Montjuïc,14,la Font de la Guatlla,65,3042,681,2024-01-01T00:00:00
3,1,Sants-Montjuïc,14,la Font de la Guatlla,65,3043,892,2024-01-01T00:00:00
3,2,Sants-Montjuïc,14,la Font de la Guatlla,65,3043,726,2024-01-01T00:00:00
3,1,Sants-Montjuïc,14,la Font de la Guatlla,65,3044,969,2024-01-01T00:00:00
3,2,Sants-Montjuïc,14,la Font de la Guatlla,65,3044,870,2024-01-01T00:00:00
3,1,Sants-Montjuïc,14,la Font de la Guatlla,65,3045,565,2024-01-01T00:00:00
3,2,Sants-Montjuïc,14,la Font de la Guatlla,65,3045,553,2024-01-01T00:00:00
3,1,Sants-Montjuïc,14,la Font de la Guatlla,65,3046,771,2024-01-01T00:00:00
3,2,Sants-Montjuïc,14,la Font de la Guatlla,65,3046,685,2024-01-01T00:00:00
3,1,Sants-Montjuïc,15,Hostafrancs,66,3047,924,2024-01-01T00:00:00
3,2,Sants-Montjuïc,15,Hostafrancs,66,3047,857,2024-01-01T00:00:00
3,1,Sants-Montjuïc,15,Hostafrancs,66,3048,732,2024-01-01T00:00:00
3,2,Sants-Montjuïc,15,Hostafrancs,66,3048,623,2024-01-01T00:00:00
3,1,Sants-Montjuïc,15,Hostafrancs,66,3049,891,2024-01-01T00:00:00
3,2,Sants-Montjuïc,15,Hostafrancs,66,3049,801,2024-01-01T00:00:00
3,1,Sants-Montjuïc,15,Hostafrancs,66,3050,862,2024-01-01T00:00:00
3,2,Sants-Montjuïc,15,Hostafrancs,66,3050,814,2024-01-01T00:00:00
3,1,Sants-Montjuïc,15,Hostafrancs,67,3051,942,2024-01-01T00:00:00
3,2,Sants-Montjuïc,15,Hostafrancs,67,3051,916,2024-01-01T00:00:00
3,1,Sants-Montjuïc,15,Hostafrancs,67,3052,759,2024-01-01T00:00:00
3,2,Sants-Montjuïc,15,Hostafrancs,67,3052,626,2024-01-01T00:00:00
3,1,Sants-Montjuïc,15,Hostafrancs,67,3053,1182,2024-01-01T00:00:00
3,2,Sants-Montjuïc,15,Hostafrancs,67,3053,1062,2024-01-01T00:00:00
3,1,Sants-Montjuïc,15,Hostafrancs,67,3054,850,2024-01-01T00:00:00
3,2,Sants-Montjuïc,15,Hostafrancs,67,3054,803,2024-01-01T00:00:00
3,1,Sants-Montjuïc,15,Hostafrancs,67,3055,836,2024-01-01T00:00:00
3,2,Sants-Montjuïc,15,Hostafrancs,67,3055,776,2024-01-01T00:00:00
3,1,Sants-Montjuïc,15,Hostafrancs,67,3056,493,2024-01-01T00:00:00
3,2,Sants-Montjuïc,15,Hostafrancs,67,3056,443,2024-01-01T00:00:00
3,1,Sants-Montjuïc,16,la Bordeta,68,3057,798,2024-01-01T00:00:00
3,2,Sants-Montjuïc,16,la Bordeta,68,3057,714,2024-01-01T00:00:00
3,1,Sants-Montjuïc,16,la Bordeta,68,3058,952,2024-01-01T00:00:00
3,2,Sants-Montjuïc,16,la Bordeta,68,3058,848,2024-01-01T00:00:00
3,1,Sants-Montjuïc,16,la Bordeta,68,3059,655,2024-01-01T00:00:00
3,2,Sants-Montjuïc,16,la Bordeta,68,3059,608,2024-01-01T00:00:00
3,1,Sants-Montjuïc,16,la Bordeta,68,3060,716,2024-01-01T00:00:00
3,2,Sants-Montjuïc,16,la Bordeta,68,3060,668,2024-01-01T00:00:00
3,1,Sants-Montjuïc,16,la Bordeta,68,3061,625,2024-01-01T00:00:00
3,2,Sants-Montjuïc,16,la Bordeta,68,3061,545,2024-01-01T00:00:00
3,1,Sants-Montjuïc,16,la Bordeta,69,3062,881,2024-01-01T00:00:00
3,2,Sants-Montjuïc,16,la Bordeta,69,3062,760,2024-01-01T00:00:00
3,1,Sants-Montjuïc,16,la Bordeta,69,3063,1051,2024-01-01T00:00:00
3,2,Sants-Montjuïc,16,la Bordeta,69,3063,971,2024-01-01T00:00:00
3,1,Sants-Montjuïc,16,la Bordeta,69,3064,947,2024-01-01T00:00:00
3,2,Sants-Montjuïc,16,la Bordeta,69,3064,839,2024-01-01T00:00:00
3,1,Sants-Montjuïc,16,la Bordeta,69,3065,715,2024-01-01T00:00:00
3,2,Sants-Montjuïc,16,la Bordeta,69,3065,625,2024-01-01T00:00:00
3,1,Sants-Montjuïc,16,la Bordeta,69,3066,1227,2024-01-01T00:00:00
3,2,Sants-Montjuïc,16,la Bordeta,69,3066,1133,2024-01-01T00:00:00
3,1,Sants-Montjuïc,16,la Bordeta,69,3067,934,2024-01-01T00:00:00
3,2,Sants-Montjuïc,16,la Bordeta,69,3067,780,2024-01-01T00:00:00
3,1,Sants-Montjuïc,16,la Bordeta,69,3068,618,2024-01-01T00:00:00
3,2,Sants-Montjuïc,16,la Bordeta,69,3068,566,2024-01-01T00:00:00
3,1,Sants-Montjuïc,16,la Bordeta,69,3069,621,2024-01-01T00:00:00
3,2,Sants-Montjuïc,16,la Bordeta,69,3069,595,2024-01-01T00:00:00
3,1,Sants-Montjuïc,17,Sants - Badal,70,3070,685,2024-01-01T00:00:00
3,2,Sants-Montjuïc,17,Sants - Badal,70,3070,623,2024-01-01T00:00:00
3,1,Sants-Montjuïc,17,Sants - Badal,70,3071,733,2024-01-01T00:00:00
3,2,Sants-Montjuïc,17,Sants - Badal,70,3071,658,2024-01-01T00:00:00
3,1,Sants-Montjuïc,17,Sants - Badal,70,3072,728,2024-01-01T00:00:00
3,2,Sants-Montjuïc,17,Sants - Badal,70,3072,636,2024-01-01T00:00:00
3,1,Sants-Montjuïc,17,Sants - Badal,70,3073,827,2024-01-01T00:00:00
3,2,Sants-Montjuïc,17,Sants - Badal,70,3073,780,2024-01-01T00:00:00
3,1,Sants-Montjuïc,17,Sants - Badal,70,3074,980,2024-01-01T00:00:00
3,2,Sants-Montjuïc,17,Sants - Badal,70,3074,834,2024-01-01T00:00:00
3,1,Sants-Montjuïc,17,Sants - Badal,70,3075,914,2024-01-01T00:00:00
3,2,Sants-Montjuïc,17,Sants - Badal,70,3075,851,2024-01-01T00:00:00
3,1,Sants-Montjuïc,17,Sants - Badal,70,3076,553,2024-01-01T00:00:00
3,2,Sants-Montjuïc,17,Sants - Badal,70,3076,490,2024-01-01T00:00:00
3,1,Sants-Montjuïc,17,Sants - Badal,70,3077,754,2024-01-01T00:00:00
3,2,Sants-Montjuïc,17,Sants - Badal,70,3077,645,2024-01-01T00:00:00
3,1,Sants-Montjuïc,17,Sants - Badal,70,3078,931,2024-01-01T00:00:00
3,2,Sants-Montjuïc,17,Sants - Badal,70,3078,849,2024-01-01T00:00:00
3,1,Sants-Montjuïc,17,Sants - Badal,70,3079,991,2024-01-01T00:00:00
3,2,Sants-Montjuïc,17,Sants - Badal,70,3079,844,2024-01-01T00:00:00
3,1,Sants-Montjuïc,17,Sants - Badal,70,3080,861,2024-01-01T00:00:00
3,2,Sants-Montjuïc,17,Sants - Badal,70,3080,717,2024-01-01T00:00:00
3,1,Sants-Montjuïc,17,Sants - Badal,71,3081,1087,2024-01-01T00:00:00
3,2,Sants-Montjuïc,17,Sants - Badal,71,3081,919,2024-01-01T00:00:00
3,1,Sants-Montjuïc,17,Sants - Badal,71,3082,1010,2024-01-01T00:00:00
3,2,Sants-Montjuïc,17,Sants - Badal,71,3082,870,2024-01-01T00:00:00
3,1,Sants-Montjuïc,17,Sants - Badal,71,3083,731,2024-01-01T00:00:00
3,2,Sants-Montjuïc,17,Sants - Badal,71,3083,657,2024-01-01T00:00:00
3,1,Sants-Montjuïc,17,Sants - Badal,71,3084,788,2024-01-01T00:00:00
3,2,Sants-Montjuïc,17,Sants - Badal,71,3084,654,2024-01-01T00:00:00
3,1,Sants-Montjuïc,17,Sants - Badal,71,3085,716,2024-01-01T00:00:00
3,2,Sants-Montjuïc,17,Sants - Badal,71,3085,615,2024-01-01T00:00:00
3,1,Sants-Montjuïc,18,Sants,72,3086,674,2024-01-01T00:00:00
3,2,Sants-Montjuïc,18,Sants,72,3086,604,2024-01-01T00:00:00
3,1,Sants-Montjuïc,18,Sants,72,3087,785,2024-01-01T00:00:00
3,2,Sants-Montjuïc,18,Sants,72,3087,682,2024-01-01T00:00:00
3,1,Sants-Montjuïc,18,Sants,72,3088,753,2024-01-01T00:00:00
3,2,Sants-Montjuïc,18,Sants,72,3088,629,2024-01-01T00:00:00
3,1,Sants-Montjuïc,18,Sants,72,3089,659,2024-01-01T00:00:00
3,2,Sants-Montjuïc,18,Sants,72,3089,568,2024-01-01T00:00:00
3,1,Sants-Montjuïc,18,Sants,72,3090,537,2024-01-01T00:00:00
3,2,Sants-Montjuïc,18,Sants,72,3090,483,2024-01-01T00:00:00
3,1,Sants-Montjuïc,18,Sants,72,3091,768,2024-01-01T00:00:00
3,2,Sants-Montjuïc,18,Sants,72,3091,707,2024-01-01T00:00:00
3,1,Sants-Montjuïc,18,Sants,72,3092,640,2024-01-01T00:00:00
3,2,Sants-Montjuïc,18,Sants,72,3092,582,2024-01-01T00:00:00
3,1,Sants-Montjuïc,18,Sants,72,3093,787,2024-01-01T00:00:00
3,2,Sants-Montjuïc,18,Sants,72,3093,664,2024-01-01T00:00:00
3,1,Sants-Montjuïc,18,Sants,72,3094,661,2024-01-01T00:00:00
3,2,Sants-Montjuïc,18,Sants,72,3094,558,2024-01-01T00:00:00
3,1,Sants-Montjuïc,18,Sants,73,3095,848,2024-01-01T00:00:00
3,2,Sants-Montjuïc,18,Sants,73,3095,762,2024-01-01T00:00:00
3,1,Sants-Montjuïc,18,Sants,73,3096,855,2024-01-01T00:00:00
3,2,Sants-Montjuïc,18,Sants,73,3096,732,2024-01-01T00:00:00
3,1,Sants-Montjuïc,18,Sants,73,3097,861,2024-01-01T00:00:00
3,2,Sants-Montjuïc,18,Sants,73,3097,791,2024-01-01T00:00:00
3,1,Sants-Montjuïc,18,Sants,73,3098,729,2024-01-01T00:00:00
3,2,Sants-Montjuïc,18,Sants,73,3098,730,2024-01-01T00:00:00
3,1,Sants-Montjuïc,18,Sants,73,3099,585,2024-01-01T00:00:00
3,2,Sants-Montjuïc,18,Sants,73,3099,460,2024-01-01T00:00:00
3,1,Sants-Montjuïc,18,Sants,73,3100,719,2024-01-01T00:00:00
3,2,Sants-Montjuïc,18,Sants,73,3100,562,2024-01-01T00:00:00
3,1,Sants-Montjuïc,18,Sants,74,3101,3186,2024-01-01T00:00:00
3,2,Sants-Montjuïc,18,Sants,74,3101,4414,2024-01-01T00:00:00
3,1,Sants-Montjuïc,18,Sants,74,3102,718,2024-01-01T00:00:00
3,2,Sants-Montjuïc,18,Sants,74,3102,669,2024-01-01T00:00:00
3,1,Sants-Montjuïc,18,Sants,74,3103,612,2024-01-01T00:00:00
3,2,Sants-Montjuïc,18,Sants,74,3103,512,2024-01-01T00:00:00
3,1,Sants-Montjuïc,18,Sants,74,3104,789,2024-01-01T00:00:00
3,2,Sants-Montjuïc,18,Sants,74,3104,681,2024-01-01T00:00:00
3,1,Sants-Montjuïc,18,Sants,75,3105,646,2024-01-01T00:00:00
3,2,Sants-Montjuïc,18,Sants,75,3105,580,2024-01-01T00:00:00
3,1,Sants-Montjuïc,18,Sants,75,3106,673,2024-01-01T00:00:00
3,2,Sants-Montjuïc,18,Sants,75,3106,620,2024-01-01T00:00:00
3,1,Sants-Montjuïc,18,Sants,76,3107,933,2024-01-01T00:00:00
3,2,Sants-Montjuïc,18,Sants,76,3107,844,2024-01-01T00:00:00
3,1,Sants-Montjuïc,18,Sants,76,3108,859,2024-01-01T00:00:00
3,2,Sants-Montjuïc,18,Sants,76,3108,754,2024-01-01T00:00:00
3,1,Sants-Montjuïc,18,Sants,76,3109,816,2024-01-01T00:00:00
3,2,Sants-Montjuïc,18,Sants,76,3109,735,2024-01-01T00:00:00
3,1,Sants-Montjuïc,18,Sants,76,3110,799,2024-01-01T00:00:00
3,2,Sants-Montjuïc,18,Sants,76,3110,680,2024-01-01T00:00:00
3,1,Sants-Montjuïc,18,Sants,76,3111,696,2024-01-01T00:00:00
3,2,Sants-Montjuïc,18,Sants,76,3111,573,2024-01-01T00:00:00
3,1,Sants-Montjuïc,18,Sants,76,3112,1024,2024-01-01T00:00:00
3,2,Sants-Montjuïc,18,Sants,76,3112,884,2024-01-01T00:00:00
3,1,Sants-Montjuïc,18,Sants,76,3113,817,2024-01-01T00:00:00
3,2,Sants-Montjuïc,18,Sants,76,3113,709,2024-01-01T00:00:00
3,1,Sants-Montjuïc,18,Sants,76,3114,794,2024-01-01T00:00:00
3,2,Sants-Montjuïc,18,Sants,76,3114,671,2024-01-01T00:00:00
4,1,Les Corts,19,les Corts,77,4001,661,2024-01-01T00:00:00
4,2,Les Corts,19,les Corts,77,4001,607,2024-01-01T00:00:00
4,1,Les Corts,19,les Corts,77,4002,1002,2024-01-01T00:00:00
4,2,Les Corts,19,les Corts,77,4002,919,2024-01-01T00:00:00
4,1,Les Corts,19,les Corts,77,4003,540,2024-01-01T00:00:00
4,2,Les Corts,19,les Corts,77,4003,517,2024-01-01T00:00:00
4,1,Les Corts,19,les Corts,77,4004,523,2024-01-01T00:00:00
4,2,Les Corts,19,les Corts,77,4004,495,2024-01-01T00:00:00
4,1,Les Corts,19,les Corts,77,4005,650,2024-01-01T00:00:00
4,2,Les Corts,19,les Corts,77,4005,567,2024-01-01T00:00:00
4,1,Les Corts,19,les Corts,77,4006,625,2024-01-01T00:00:00
4,2,Les Corts,19,les Corts,77,4006,530,2024-01-01T00:00:00
4,1,Les Corts,19,les Corts,77,4007,603,2024-01-01T00:00:00
4,2,Les Corts,19,les Corts,77,4007,459,2024-01-01T00:00:00
4,1,Les Corts,19,les Corts,77,4008,540,2024-01-01T00:00:00
4,2,Les Corts,19,les Corts,77,4008,479,2024-01-01T00:00:00
4,1,Les Corts,19,les Corts,77,4009,780,2024-01-01T00:00:00
4,2,Les Corts,19,les Corts,77,4009,674,2024-01-01T00:00:00
4,1,Les Corts,19,les Corts,78,4010,504,2024-01-01T00:00:00
4,2,Les Corts,19,les Corts,78,4010,413,2024-01-01T00:00:00
4,1,Les Corts,19,les Corts,78,4011,934,2024-01-01T00:00:00
4,2,Les Corts,19,les Corts,78,4011,803,2024-01-01T00:00:00
4,1,Les Corts,19,les Corts,78,4012,700,2024-01-01T00:00:00
4,2,Les Corts,19,les Corts,78,4012,598,2024-01-01T00:00:00
4,1,Les Corts,19,les Corts,78,4013,644,2024-01-01T00:00:00
4,2,Les Corts,19,les Corts,78,4013,582,2024-01-01T00:00:00
4,1,Les Corts,19,les Corts,78,4014,432,2024-01-01T00:00:00
4,2,Les Corts,19,les Corts,78,4014,357,2024-01-01T00:00:00
4,1,Les Corts,19,les Corts,78,4015,1032,2024-01-01T00:00:00
4,2,Les Corts,19,les Corts,78,4015,854,2024-01-01T00:00:00
4,1,Les Corts,19,les Corts,78,4016,575,2024-01-01T00:00:00
4,2,Les Corts,19,les Corts,78,4016,514,2024-01-01T00:00:00
4,1,Les Corts,19,les Corts,79,4017,644,2024-01-01T00:00:00
4,2,Les Corts,19,les Corts,79,4017,523,2024-01-01T00:00:00
4,1,Les Corts,19,les Corts,79,4018,843,2024-01-01T00:00:00
4,2,Les Corts,19,les Corts,79,4018,681,2024-01-01T00:00:00
4,1,Les Corts,19,les Corts,79,4019,739,2024-01-01T00:00:00
4,2,Les Corts,19,les Corts,79,4019,669,2024-01-01T00:00:00
4,1,Les Corts,19,les Corts,79,4020,781,2024-01-01T00:00:00
4,2,Les Corts,19,les Corts,79,4020,680,2024-01-01T00:00:00
4,1,Les Corts,19,les Corts,79,4021,721,2024-01-01T00:00:00
4,2,Les Corts,19,les Corts,79,4021,600,2024-01-01T00:00:00
4,1,Les Corts,19,les Corts,80,4022,878,2024-01-01T00:00:00
4,2,Les Corts,19,les Corts,80,4022,811,2024-01-01T00:00:00
4,1,Les Corts,19,les Corts,81,4023,552,2024-01-01T00:00:00
4,2,Les Corts,19,les Corts,81,4023,505,2024-01-01T00:00:00
4,1,Les Corts,19,les Corts,81,4024,546,2024-01-01T00:00:00
4,2,Les Corts,19,les Corts,81,4024,468,2024-01-01T00:00:00
4,1,Les Corts,19,les Corts,82,4025,642,2024-01-01T00:00:00
4,2,Les Corts,19,les Corts,82,4025,537,2024-01-01T00:00:00
4,1,Les Corts,19,les Corts,82,4026,661,2024-01-01T00:00:00
4,2,Les Corts,19,les Corts,82,4026,564,2024-01-01T00:00:00
4,1,Les Corts,19,les Corts,82,4027,736,2024-01-01T00:00:00
4,2,Les Corts,19,les Corts,82,4027,625,2024-01-01T00:00:00
4,1,Les Corts,19,les Corts,83,4028,685,2024-01-01T00:00:00
4,2,Les Corts,19,les Corts,83,4028,626,2024-01-01T00:00:00
4,1,Les Corts,19,les Corts,83,4029,619,2024-01-01T00:00:00
4,2,Les Corts,19,les Corts,83,4029,501,2024-01-01T00:00:00
4,1,Les Corts,19,les Corts,83,4030,979,2024-01-01T00:00:00
4,2,Les Corts,19,les Corts,83,4030,815,2024-01-01T00:00:00
4,1,Les Corts,19,les Corts,84,4031,1246,2024-01-01T00:00:00
4,2,Les Corts,19,les Corts,84,4031,1203,2024-01-01T00:00:00
4,1,Les Corts,19,les Corts,84,4032,881,2024-01-01T00:00:00
4,2,Les Corts,19,les Corts,84,4032,715,2024-01-01T00:00:00
4,1,Les Corts,19,les Corts,84,4033,643,2024-01-01T00:00:00
4,2,Les Corts,19,les Corts,84,4033,521,2024-01-01T00:00:00
4,1,Les Corts,19,les Corts,84,4034,755,2024-01-01T00:00:00
4,2,Les Corts,19,les Corts,84,4034,669,2024-01-01T00:00:00
4,1,Les Corts,19,les Corts,84,4035,742,2024-01-01T00:00:00
4,2,Les Corts,19,les Corts,84,4035,621,2024-01-01T00:00:00
4,1,Les Corts,20,la Maternitat i Sant Ramon,85,4036,972,2024-01-01T00:00:00
4,2,Les Corts,20,la Maternitat i Sant Ramon,85,4036,805,2024-01-01T00:00:00
4,1,Les Corts,20,la Maternitat i Sant Ramon,85,4037,1212,2024-01-01T00:00:00
4,2,Les Corts,20,la Maternitat i Sant Ramon,85,4037,995,2024-01-01T00:00:00
4,1,Les Corts,20,la Maternitat i Sant Ramon,85,4038,688,2024-01-01T00:00:00
4,2,Les Corts,20,la Maternitat i Sant Ramon,85,4038,557,2024-01-01T00:00:00
4,1,Les Corts,20,la Maternitat i Sant Ramon,85,4039,636,2024-01-01T00:00:00
4,2,Les Corts,20,la Maternitat i Sant Ramon,85,4039,534,2024-01-01T00:00:00
4,1,Les Corts,20,la Maternitat i Sant Ramon,85,4040,809,2024-01-01T00:00:00
4,2,Les Corts,20,la Maternitat i Sant Ramon,85,4040,805,2024-01-01T00:00:00
4,1,Les Corts,20,la Maternitat i Sant Ramon,85,4041,731,2024-01-01T00:00:00
4,2,Les Corts,20,la Maternitat i Sant Ramon,85,4041,642,2024-01-01T00:00:00
4,1,Les Corts,20,la Maternitat i Sant Ramon,85,4042,951,2024-01-01T00:00:00
4,2,Les Corts,20,la Maternitat i Sant Ramon,85,4042,811,2024-01-01T00:00:00
4,1,Les Corts,20,la Maternitat i Sant Ramon,86,4043,865,2024-01-01T00:00:00
4,2,Les Corts,20,la Maternitat i Sant Ramon,86,4043,771,2024-01-01T00:00:00
4,1,Les Corts,20,la Maternitat i Sant Ramon,86,4044,833,2024-01-01T00:00:00
4,2,Les Corts,20,la Maternitat i Sant Ramon,86,4044,768,2024-01-01T00:00:00
4,1,Les Corts,20,la Maternitat i Sant Ramon,86,4045,764,2024-01-01T00:00:00
4,2,Les Corts,20,la Maternitat i Sant Ramon,86,4045,636,2024-01-01T00:00:00
4,1,Les Corts,20,la Maternitat i Sant Ramon,86,4046,1248,2024-01-01T00:00:00
4,2,Les Corts,20,la Maternitat i Sant Ramon,86,4046,1161,2024-01-01T00:00:00
4,1,Les Corts,20,la Maternitat i Sant Ramon,86,4047,1014,2024-01-01T00:00:00
4,2,Les Corts,20,la Maternitat i Sant Ramon,86,4047,912,2024-01-01T00:00:00
4,1,Les Corts,20,la Maternitat i Sant Ramon,87,4048,809,2024-01-01T00:00:00
4,2,Les Corts,20,la Maternitat i Sant Ramon,87,4048,714,2024-01-01T00:00:00
4,1,Les Corts,20,la Maternitat i Sant Ramon,87,4049,676,2024-01-01T00:00:00
4,2,Les Corts,20,la Maternitat i Sant Ramon,87,4049,573,2024-01-01T00:00:00
4,1,Les Corts,20,la Maternitat i Sant Ramon,87,4084,754,2024-01-01T00:00:00
4,2,Les Corts,20,la Maternitat i Sant Ramon,87,4084,667,2024-01-01T00:00:00
4,1,Les Corts,21,Pedralbes,88,4050,1113,2024-01-01T00:00:00
4,2,Les Corts,21,Pedralbes,88,4050,990,2024-01-01T00:00:00
4,1,Les Corts,21,Pedralbes,88,4051,938,2024-01-01T00:00:00
4,2,Les Corts,21,Pedralbes,88,4051,774,2024-01-01T00:00:00
4,1,Les Corts,21,Pedralbes,88,4052,1253,2024-01-01T00:00:00
4,2,Les Corts,21,Pedralbes,88,4052,973,2024-01-01T00:00:00
4,1,Les Corts,21,Pedralbes,89,4053,911,2024-01-01T00:00:00
4,2,Les Corts,21,Pedralbes,89,4053,850,2024-01-01T00:00:00
4,1,Les Corts,21,Pedralbes,89,4054,579,2024-01-01T00:00:00
4,2,Les Corts,21,Pedralbes,89,4054,521,2024-01-01T00:00:00
4,1,Les Corts,21,Pedralbes,90,4055,843,2024-01-01T00:00:00
4,2,Les Corts,21,Pedralbes,90,4055,781,2024-01-01T00:00:00
4,1,Les Corts,21,Pedralbes,90,4056,1021,2024-01-01T00:00:00
4,2,Les Corts,21,Pedralbes,90,4056,951,2024-01-01T00:00:00
5,1,Sarrià-Sant Gervasi,22,"Vallvidrera, el Tibidabo i les Planes",91,5001,913,2024-01-01T00:00:00
5,2,Sarrià-Sant Gervasi,22,"Vallvidrera, el Tibidabo i les Planes",91,5001,960,2024-01-01T00:00:00
5,1,Sarrià-Sant Gervasi,22,"Vallvidrera, el Tibidabo i les Planes",92,5002,844,2024-01-01T00:00:00
5,2,Sarrià-Sant Gervasi,22,"Vallvidrera, el Tibidabo i les Planes",92,5002,790,2024-01-01T00:00:00
5,1,Sarrià-Sant Gervasi,22,"Vallvidrera, el Tibidabo i les Planes",92,5003,707,2024-01-01T00:00:00
5,2,Sarrià-Sant Gervasi,22,"Vallvidrera, el Tibidabo i les Planes",92,5003,687,2024-01-01T00:00:00
5,1,Sarrià-Sant Gervasi,23,Sarrià,93,5004,588,2024-01-01T00:00:00
5,2,Sarrià-Sant Gervasi,23,Sarrià,93,5004,449,2024-01-01T00:00:00
5,1,Sarrià-Sant Gervasi,23,Sarrià,93,5005,655,2024-01-01T00:00:00
5,2,Sarrià-Sant Gervasi,23,Sarrià,93,5005,615,2024-01-01T00:00:00
5,1,Sarrià-Sant Gervasi,23,Sarrià,94,5006,929,2024-01-01T00:00:00
5,2,Sarrià-Sant Gervasi,23,Sarrià,94,5006,902,2024-01-01T00:00:00
5,1,Sarrià-Sant Gervasi,23,Sarrià,95,5007,1033,2024-01-01T00:00:00
5,2,Sarrià-Sant Gervasi,23,Sarrià,95,5007,1024,2024-01-01T00:00:00
5,1,Sarrià-Sant Gervasi,23,Sarrià,95,5008,914,2024-01-01T00:00:00
5,2,Sarrià-Sant Gervasi,23,Sarrià,95,5008,777,2024-01-01T00:00:00
5,1,Sarrià-Sant Gervasi,23,Sarrià,95,5009,911,2024-01-01T00:00:00
5,2,Sarrià-Sant Gervasi,23,Sarrià,95,5009,755,2024-01-01T00:00:00
5,1,Sarrià-Sant Gervasi,23,Sarrià,95,5010,826,2024-01-01T00:00:00
5,2,Sarrià-Sant Gervasi,23,Sarrià,95,5010,715,2024-01-01T00:00:00
5,1,Sarrià-Sant Gervasi,23,Sarrià,95,5011,773,2024-01-01T00:00:00
5,2,Sarrià-Sant Gervasi,23,Sarrià,95,5011,680,2024-01-01T00:00:00
5,1,Sarrià-Sant Gervasi,23,Sarrià,95,5012,744,2024-01-01T00:00:00
5,2,Sarrià-Sant Gervasi,23,Sarrià,95,5012,628,2024-01-01T00:00:00
5,1,Sarrià-Sant Gervasi,23,Sarrià,95,5013,892,2024-01-01T00:00:00
5,2,Sarrià-Sant Gervasi,23,Sarrià,95,5013,798,2024-01-01T00:00:00
5,1,Sarrià-Sant Gervasi,23,Sarrià,96,5014,847,2024-01-01T00:00:00
5,2,Sarrià-Sant Gervasi,23,Sarrià,96,5014,753,2024-01-01T00:00:00
5,1,Sarrià-Sant Gervasi,23,Sarrià,96,5015,854,2024-01-01T00:00:00
5,2,Sarrià-Sant Gervasi,23,Sarrià,96,5015,731,2024-01-01T00:00:00
5,1,Sarrià-Sant Gervasi,23,Sarrià,96,5016,1030,2024-01-01T00:00:00
5,2,Sarrià-Sant Gervasi,23,Sarrià,96,5016,816,2024-01-01T00:00:00
5,1,Sarrià-Sant Gervasi,23,Sarrià,96,5017,830,2024-01-01T00:00:00
5,2,Sarrià-Sant Gervasi,23,Sarrià,96,5017,714,2024-01-01T00:00:00
5,1,Sarrià-Sant Gervasi,23,Sarrià,96,5018,707,2024-01-01T00:00:00
5,2,Sarrià-Sant Gervasi,23,Sarrià,96,5018,593,2024-01-01T00:00:00
5,1,Sarrià-Sant Gervasi,23,Sarrià,96,5019,907,2024-01-01T00:00:00
5,2,Sarrià-Sant Gervasi,23,Sarrià,96,5019,723,2024-01-01T00:00:00
5,1,Sarrià-Sant Gervasi,24,les Tres Torres,97,5020,625,2024-01-01T00:00:00
5,2,Sarrià-Sant Gervasi,24,les Tres Torres,97,5020,515,2024-01-01T00:00:00
5,1,Sarrià-Sant Gervasi,24,les Tres Torres,97,5021,707,2024-01-01T00:00:00
5,2,Sarrià-Sant Gervasi,24,les Tres Torres,97,5021,618,2024-01-01T00:00:00
5,1,Sarrià-Sant Gervasi,24,les Tres Torres,98,5022,943,2024-01-01T00:00:00
5,2,Sarrià-Sant Gervasi,24,les Tres Torres,98,5022,764,2024-01-01T00:00:00
5,1,Sarrià-Sant Gervasi,24,les Tres Torres,98,5023,816,2024-01-01T00:00:00
5,2,Sarrià-Sant Gervasi,24,les Tres Torres,98,5023,659,2024-01-01T00:00:00
5,1,Sarrià-Sant Gervasi,24,les Tres Torres,98,5024,1046,2024-01-01T00:00:00
5,2,Sarrià-Sant Gervasi,24,les Tres Torres,98,5024,931,2024-01-01T00:00:00
5,1,Sarrià-Sant Gervasi,24,les Tres Torres,99,5025,663,2024-01-01T00:00:00
5,2,Sarrià-Sant Gervasi,24,les Tres Torres,99,5025,588,2024-01-01T00:00:00
5,1,Sarrià-Sant Gervasi,24,les Tres Torres,99,5026,740,2024-01-01T00:00:00
5,2,Sarrià-Sant Gervasi,24,les Tres Torres,99,5026,683,2024-01-01T00:00:00
5,1,Sarrià-Sant Gervasi,24,les Tres Torres,99,5027,721,2024-01-01T00:00:00
5,2,Sarrià-Sant Gervasi,24,les Tres Torres,99,5027,658,2024-01-01T00:00:00
5,1,Sarrià-Sant Gervasi,24,les Tres Torres,99,5028,829,2024-01-01T00:00:00
5,2,Sarrià-Sant Gervasi,24,les Tres Torres,99,5028,851,2024-01-01T00:00:00
5,1,Sarrià-Sant Gervasi,24,les Tres Torres,99,5029,859,2024-01-01T00:00:00
5,2,Sarrià-Sant Gervasi,24,les Tres Torres,99,5029,810,2024-01-01T00:00:00
5,1,Sarrià-Sant Gervasi,24,les Tres Torres,99,5030,729,2024-01-01T00:00:00
5,2,Sarrià-Sant Gervasi,24,les Tres Torres,99,5030,638,2024-01-01T00:00:00
5,1,Sarrià-Sant Gervasi,25,Sant Gervasi - la Bonanova,100,5031,848,2024-01-01T00:00:00
5,2,Sarrià-Sant Gervasi,25,Sant Gervasi - la Bonanova,100,5031,750,2024-01-01T00:00:00
5,1,Sarrià-Sant Gervasi,25,Sant Gervasi - la Bonanova,100,5032,990,2024-01-01T00:00:00
5,2,Sarrià-Sant Gervasi,25,Sant Gervasi - la Bonanova,100,5032,894,2024-01-01T00:00:00
5,1,Sarrià-Sant Gervasi,25,Sant Gervasi - la Bonanova,101,5033,768,2024-01-01T00:00:00
5,2,Sarrià-Sant Gervasi,25,Sant Gervasi - la Bonanova,101,5033,676,2024-01-01T00:00:00
5,1,Sarrià-Sant Gervasi,25,Sant Gervasi - la Bonanova,101,5034,662,2024-01-01T00:00:00
5,2,Sarrià-Sant Gervasi,25,Sant Gervasi - la Bonanova,101,5034,556,2024-01-01T00:00:00
5,1,Sarrià-Sant Gervasi,25,Sant Gervasi - la Bonanova,102,5035,557,2024-01-01T00:00:00
5,2,Sarrià-Sant Gervasi,25,Sant Gervasi - la Bonanova,102,5035,515,2024-01-01T00:00:00
5,1,Sarrià-Sant Gervasi,25,Sant Gervasi - la Bonanova,102,5036,979,2024-01-01T00:00:00
5,2,Sarrià-Sant Gervasi,25,Sant Gervasi - la Bonanova,102,5036,837,2024-01-01T00:00:00
5,1,Sarrià-Sant Gervasi,25,Sant Gervasi - la Bonanova,102,5037,833,2024-01-01T00:00:00
5,2,Sarrià-Sant Gervasi,25,Sant Gervasi - la Bonanova,102,5037,665,2024-01-01T00:00:00
5,1,Sarrià-Sant Gervasi,25,Sant Gervasi - la Bonanova,102,5038,796,2024-01-01T00:00:00
5,2,Sarrià-Sant Gervasi,25,Sant Gervasi - la Bonanova,102,5038,629,2024-01-01T00:00:00
5,1,Sarrià-Sant Gervasi,25,Sant Gervasi - la Bonanova,102,5039,820,2024-01-01T00:00:00
5,2,Sarrià-Sant Gervasi,25,Sant Gervasi - la Bonanova,102,5039,744,2024-01-01T00:00:00
5,1,Sarrià-Sant Gervasi,25,Sant Gervasi - la Bonanova,102,5040,817,2024-01-01T00:00:00
5,2,Sarrià-Sant Gervasi,25,Sant Gervasi - la Bonanova,102,5040,660,2024-01-01T00:00:00
5,1,Sarrià-Sant Gervasi,25,Sant Gervasi - la Bonanova,102,5041,1286,2024-01-01T00:00:00
5,2,Sarrià-Sant Gervasi,25,Sant Gervasi - la Bonanova,102,5041,1086,2024-01-01T00:00:00
5,1,Sarrià-Sant Gervasi,25,Sant Gervasi - la Bonanova,103,5042,688,2024-01-01T00:00:00
5,2,Sarrià-Sant Gervasi,25,Sant Gervasi - la Bonanova,103,5042,624,2024-01-01T00:00:00
5,1,Sarrià-Sant Gervasi,25,Sant Gervasi - la Bonanova,103,5043,833,2024-01-01T00:00:00
5,2,Sarrià-Sant Gervasi,25,Sant Gervasi - la Bonanova,103,5043,666,2024-01-01T00:00:00
5,1,Sarrià-Sant Gervasi,25,Sant Gervasi - la Bonanova,103,5044,721,2024-01-01T00:00:00
5,2,Sarrià-Sant Gervasi,25,Sant Gervasi - la Bonanova,103,5044,614,2024-01-01T00:00:00
5,1,Sarrià-Sant Gervasi,25,Sant Gervasi - la Bonanova,103,5045,892,2024-01-01T00:00:00
5,2,Sarrià-Sant Gervasi,25,Sant Gervasi - la Bonanova,103,5045,731,2024-01-01T00:00:00
5,1,Sarrià-Sant Gervasi,25,Sant Gervasi - la Bonanova,103,5046,671,2024-01-01T00:00:00
5,2,Sarrià-Sant Gervasi,25,Sant Gervasi - la Bonanova,103,5046,492,2024-01-01T00:00:00
5,1,Sarrià-Sant Gervasi,25,Sant Gervasi - la Bonanova,103,5047,679,2024-01-01T00:00:00
5,2,Sarrià-Sant Gervasi,25,Sant Gervasi - la Bonanova,103,5047,543,2024-01-01T00:00:00
5,1,Sarrià-Sant Gervasi,25,Sant Gervasi - la Bonanova,103,5048,695,2024-01-01T00:00:00
5,2,Sarrià-Sant Gervasi,25,Sant Gervasi - la Bonanova,103,5048,533,2024-01-01T00:00:00
5,1,Sarrià-Sant Gervasi,26,Sant Gervasi - Galvany,104,5049,928,2024-01-01T00:00:00
5,2,Sarrià-Sant Gervasi,26,Sant Gervasi - Galvany,104,5049,771,2024-01-01T00:00:00
5,1,Sarrià-Sant Gervasi,26,Sant Gervasi - Galvany,104,5050,900,2024-01-01T00:00:00
5,2,Sarrià-Sant Gervasi,26,Sant Gervasi - Galvany,104,5050,802,2024-01-01T00:00:00
5,1,Sarrià-Sant Gervasi,26,Sant Gervasi - Galvany,104,5051,884,2024-01-01T00:00:00
5,2,Sarrià-Sant Gervasi,26,Sant Gervasi - Galvany,104,5051,778,2024-01-01T00:00:00
5,1,Sarrià-Sant Gervasi,26,Sant Gervasi - Galvany,104,5052,770,2024-01-01T00:00:00
5,2,Sarrià-Sant Gervasi,26,Sant Gervasi - Galvany,104,5052,627,2024-01-01T00:00:00
5,1,Sarrià-Sant Gervasi,26,Sant Gervasi - Galvany,105,5053,790,2024-01-01T00:00:00
5,2,Sarrià-Sant Gervasi,26,Sant Gervasi - Galvany,105,5053,706,2024-01-01T00:00:00
5,1,Sarrià-Sant Gervasi,26,Sant Gervasi - Galvany,105,5054,548,2024-01-01T00:00:00
5,2,Sarrià-Sant Gervasi,26,Sant Gervasi - Galvany,105,5054,468,2024-01-01T00:00:00
5,1,Sarrià-Sant Gervasi,26,Sant Gervasi - Galvany,105,5055,758,2024-01-01T00:00:00
5,2,Sarrià-Sant Gervasi,26,Sant Gervasi - Galvany,105,5055,639,2024-01-01T00:00:00
5,1,Sarrià-Sant Gervasi,26,Sant Gervasi - Galvany,106,5056,701,2024-01-01T00:00:00
5,2,Sarrià-Sant Gervasi,26,Sant Gervasi - Galvany,106,5056,491,2024-01-01T00:00:00
5,1,Sarrià-Sant Gervasi,26,Sant Gervasi - Galvany,106,5057,877,2024-01-01T00:00:00
5,2,Sarrià-Sant Gervasi,26,Sant Gervasi - Galvany,106,5057,758,2024-01-01T00:00:00
5,1,Sarrià-Sant Gervasi,26,Sant Gervasi - Galvany,106,5058,851,2024-01-01T00:00:00
5,2,Sarrià-Sant Gervasi,26,Sant Gervasi - Galvany,106,5058,712,2024-01-01T00:00:00
5,1,Sarrià-Sant Gervasi,26,Sant Gervasi - Galvany,106,5059,887,2024-01-01T00:00:00
5,2,Sarrià-Sant Gervasi,26,Sant Gervasi - Galvany,106,5059,672,2024-01-01T00:00:00
5,1,Sarrià-Sant Gervasi,26,Sant Gervasi - Galvany,106,5060,651,2024-01-01T00:00:00
5,2,Sarrià-Sant Gervasi,26,Sant Gervasi - Galvany,106,5060,523,2024-01-01T00:00:00
5,1,Sarrià-Sant Gervasi,26,Sant Gervasi - Galvany,107,5061,813,2024-01-01T00:00:00
5,2,Sarrià-Sant Gervasi,26,Sant Gervasi - Galvany,107,5061,633,2024-01-01T00:00:00
5,1,Sarrià-Sant Gervasi,26,Sant Gervasi - Galvany,107,5062,896,2024-01-01T00:00:00
5,2,Sarrià-Sant Gervasi,26,Sant Gervasi - Galvany,107,5062,745,2024-01-01T00:00:00
5,1,Sarrià-Sant Gervasi,26,Sant Gervasi - Galvany,107,5063,877,2024-01-01T00:00:00
5,2,Sarrià-Sant Gervasi,26,Sant Gervasi - Galvany,107,5063,689,2024-01-01T00:00:00
5,1,Sarrià-Sant Gervasi,26,Sant Gervasi - Galvany,107,5064,957,2024-01-01T00:00:00
5,2,Sarrià-Sant Gervasi,26,Sant Gervasi - Galvany,107,5064,754,2024-01-01T00:00:00
5,1,Sarrià-Sant Gervasi,26,Sant Gervasi - Galvany,107,5065,953,2024-01-01T00:00:00
5,2,Sarrià-Sant Gervasi,26,Sant Gervasi - Galvany,107,5065,781,2024-01-01T00:00:00
5,1,Sarrià-Sant Gervasi,26,Sant Gervasi - Galvany,108,5066,741,2024-01-01T00:00:00
5,2,Sarrià-Sant Gervasi,26,Sant Gervasi - Galvany,108,5066,591,2024-01-01T00:00:00
5,1,Sarrià-Sant Gervasi,26,Sant Gervasi - Galvany,108,5067,763,2024-01-01T00:00:00
5,2,Sarrià-Sant Gervasi,26,Sant Gervasi - Galvany,108,5067,655,2024-01-01T00:00:00
5,1,Sarrià-Sant Gervasi,26,Sant Gervasi - Galvany,108,5068,860,2024-01-01T00:00:00
5,2,Sarrià-Sant Gervasi,26,Sant Gervasi - Galvany,108,5068,772,2024-01-01T00:00:00
5,1,Sarrià-Sant Gervasi,26,Sant Gervasi - Galvany,108,5069,922,2024-01-01T00:00:00
5,2,Sarrià-Sant Gervasi,26,Sant Gervasi - Galvany,108,5069,854,2024-01-01T00:00:00
5,1,Sarrià-Sant Gervasi,26,Sant Gervasi - Galvany,109,5070,800,2024-01-01T00:00:00
5,2,Sarrià-Sant Gervasi,26,Sant Gervasi - Galvany,109,5070,644,2024-01-01T00:00:00
5,1,Sarrià-Sant Gervasi,26,Sant Gervasi - Galvany,109,5071,1001,2024-01-01T00:00:00
5,2,Sarrià-Sant Gervasi,26,Sant Gervasi - Galvany,109,5071,853,2024-01-01T00:00:00
5,1,Sarrià-Sant Gervasi,26,Sant Gervasi - Galvany,109,5072,953,2024-01-01T00:00:00
5,2,Sarrià-Sant Gervasi,26,Sant Gervasi - Galvany,109,5072,782,2024-01-01T00:00:00
5,1,Sarrià-Sant Gervasi,26,Sant Gervasi - Galvany,109,5073,868,2024-01-01T00:00:00
5,2,Sarrià-Sant Gervasi,26,Sant Gervasi - Galvany,109,5073,743,2024-01-01T00:00:00
5,1,Sarrià-Sant Gervasi,26,Sant Gervasi - Galvany,109,5074,907,2024-01-01T00:00:00
5,2,Sarrià-Sant Gervasi,26,Sant Gervasi - Galvany,109,5074,731,2024-01-01T00:00:00
5,1,Sarrià-Sant Gervasi,26,Sant Gervasi - Galvany,110,5075,1060,2024-01-01T00:00:00
5,2,Sarrià-Sant Gervasi,26,Sant Gervasi - Galvany,110,5075,831,2024-01-01T00:00:00
5,1,Sarrià-Sant Gervasi,26,Sant Gervasi - Galvany,110,5076,792,2024-01-01T00:00:00
5,2,Sarrià-Sant Gervasi,26,Sant Gervasi - Galvany,110,5076,686,2024-01-01T00:00:00
5,1,Sarrià-Sant Gervasi,26,Sant Gervasi - Galvany,110,5077,864,2024-01-01T00:00:00
5,2,Sarrià-Sant Gervasi,26,Sant Gervasi - Galvany,110,5077,719,2024-01-01T00:00:00
5,1,Sarrià-Sant Gervasi,26,Sant Gervasi - Galvany,110,5078,1115,2024-01-01T00:00:00
5,2,Sarrià-Sant Gervasi,26,Sant Gervasi - Galvany,110,5078,990,2024-01-01T00:00:00
5,1,Sarrià-Sant Gervasi,26,Sant Gervasi - Galvany,110,5079,721,2024-01-01T00:00:00
5,2,Sarrià-Sant Gervasi,26,Sant Gervasi - Galvany,110,5079,590,2024-01-01T00:00:00
5,1,Sarrià-Sant Gervasi,27,el Putxet i el Farró,111,5080,718,2024-01-01T00:00:00
5,2,Sarrià-Sant Gervasi,27,el Putxet i el Farró,111,5080,621,2024-01-01T00:00:00
5,1,Sarrià-Sant Gervasi,27,el Putxet i el Farró,111,5081,891,2024-01-01T00:00:00
5,2,Sarrià-Sant Gervasi,27,el Putxet i el Farró,111,5081,728,2024-01-01T00:00:00
5,1,Sarrià-Sant Gervasi,27,el Putxet i el Farró,111,5082,907,2024-01-01T00:00:00
5,2,Sarrià-Sant Gervasi,27,el Putxet i el Farró,111,5082,774,2024-01-01T00:00:00
5,1,Sarrià-Sant Gervasi,27,el Putxet i el Farró,111,5083,682,2024-01-01T00:00:00
5,2,Sarrià-Sant Gervasi,27,el Putxet i el Farró,111,5083,567,2024-01-01T00:00:00
5,1,Sarrià-Sant Gervasi,27,el Putxet i el Farró,111,5084,743,2024-01-01T00:00:00
5,2,Sarrià-Sant Gervasi,27,el Putxet i el Farró,111,5084,605,2024-01-01T00:00:00
5,1,Sarrià-Sant Gervasi,27,el Putxet i el Farró,111,5085,721,2024-01-01T00:00:00
5,2,Sarrià-Sant Gervasi,27,el Putxet i el Farró,111,5085,616,2024-01-01T00:00:00
5,1,Sarrià-Sant Gervasi,27,el Putxet i el Farró,111,5086,747,2024-01-01T00:00:00
5,2,Sarrià-Sant Gervasi,27,el Putxet i el Farró,111,5086,613,2024-01-01T00:00:00
5,1,Sarrià-Sant Gervasi,27,el Putxet i el Farró,111,5087,903,2024-01-01T00:00:00
5,2,Sarrià-Sant Gervasi,27,el Putxet i el Farró,111,5087,748,2024-01-01T00:00:00
5,1,Sarrià-Sant Gervasi,27,el Putxet i el Farró,112,5088,909,2024-01-01T00:00:00
5,2,Sarrià-Sant Gervasi,27,el Putxet i el Farró,112,5088,847,2024-01-01T00:00:00
5,1,Sarrià-Sant Gervasi,27,el Putxet i el Farró,112,5089,993,2024-01-01T00:00:00
5,2,Sarrià-Sant Gervasi,27,el Putxet i el Farró,112,5089,884,2024-01-01T00:00:00
5,1,Sarrià-Sant Gervasi,27,el Putxet i el Farró,112,5090,984,2024-01-01T00:00:00
5,2,Sarrià-Sant Gervasi,27,el Putxet i el Farró,112,5090,896,2024-01-01T00:00:00
5,1,Sarrià-Sant Gervasi,27,el Putxet i el Farró,112,5091,852,2024-01-01T00:00:00
5,2,Sarrià-Sant Gervasi,27,el Putxet i el Farró,112,5091,682,2024-01-01T00:00:00
5,1,Sarrià-Sant Gervasi,27,el Putxet i el Farró,112,5092,904,2024-01-01T00:00:00
5,2,Sarrià-Sant Gervasi,27,el Putxet i el Farró,112,5092,724,2024-01-01T00:00:00
5,1,Sarrià-Sant Gervasi,27,el Putxet i el Farró,113,5093,662,2024-01-01T00:00:00
5,2,Sarrià-Sant Gervasi,27,el Putxet i el Farró,113,5093,513,2024-01-01T00:00:00
5,1,Sarrià-Sant Gervasi,27,el Putxet i el Farró,113,5094,1551,2024-01-01T00:00:00
5,2,Sarrià-Sant Gervasi,27,el Putxet i el Farró,113,5094,1243,2024-01-01T00:00:00
5,1,Sarrià-Sant Gervasi,27,el Putxet i el Farró,113,5095,976,2024-01-01T00:00:00
5,2,Sarrià-Sant Gervasi,27,el Putxet i el Farró,113,5095,760,2024-01-01T00:00:00
5,1,Sarrià-Sant Gervasi,27,el Putxet i el Farró,113,5096,630,2024-01-01T00:00:00
5,2,Sarrià-Sant Gervasi,27,el Putxet i el Farró,113,5096,530,2024-01-01T00:00:00
5,1,Sarrià-Sant Gervasi,27,el Putxet i el Farró,113,5097,903,2024-01-01T00:00:00
5,2,Sarrià-Sant Gervasi,27,el Putxet i el Farró,113,5097,817,2024-01-01T00:00:00
5,1,Sarrià-Sant Gervasi,27,el Putxet i el Farró,113,5098,815,2024-01-01T00:00:00
6,2,Gràcia,29,el Coll,118,6015,713,2024-01-01T00:00:00
5,2,Sarrià-Sant Gervasi,27,el Putxet i el Farró,113,5098,676,2024-01-01T00:00:00
6,1,Gràcia,28,Vallcarca i els Penitents,114,6001,711,2024-01-01T00:00:00
6,2,Gràcia,28,Vallcarca i els Penitents,114,6001,571,2024-01-01T00:00:00
6,1,Gràcia,28,Vallcarca i els Penitents,114,6002,825,2024-01-01T00:00:00
6,2,Gràcia,28,Vallcarca i els Penitents,114,6002,702,2024-01-01T00:00:00
6,1,Gràcia,28,Vallcarca i els Penitents,114,6003,1270,2024-01-01T00:00:00
6,2,Gràcia,28,Vallcarca i els Penitents,114,6003,1140,2024-01-01T00:00:00
6,1,Gràcia,28,Vallcarca i els Penitents,114,6004,729,2024-01-01T00:00:00
6,2,Gràcia,28,Vallcarca i els Penitents,114,6004,697,2024-01-01T00:00:00
6,1,Gràcia,28,Vallcarca i els Penitents,115,6006,532,2024-01-01T00:00:00
6,2,Gràcia,28,Vallcarca i els Penitents,115,6006,500,2024-01-01T00:00:00
6,1,Gràcia,28,Vallcarca i els Penitents,115,6007,1079,2024-01-01T00:00:00
6,2,Gràcia,28,Vallcarca i els Penitents,115,6007,958,2024-01-01T00:00:00
6,1,Gràcia,28,Vallcarca i els Penitents,115,6008,1136,2024-01-01T00:00:00
6,2,Gràcia,28,Vallcarca i els Penitents,115,6008,978,2024-01-01T00:00:00
6,1,Gràcia,28,Vallcarca i els Penitents,116,6009,715,2024-01-01T00:00:00
6,2,Gràcia,28,Vallcarca i els Penitents,116,6009,624,2024-01-01T00:00:00
6,1,Gràcia,28,Vallcarca i els Penitents,116,6010,553,2024-01-01T00:00:00
6,2,Gràcia,28,Vallcarca i els Penitents,116,6010,484,2024-01-01T00:00:00
6,1,Gràcia,28,Vallcarca i els Penitents,117,6011,696,2024-01-01T00:00:00
6,2,Gràcia,28,Vallcarca i els Penitents,117,6011,626,2024-01-01T00:00:00
6,1,Gràcia,28,Vallcarca i els Penitents,117,6012,624,2024-01-01T00:00:00
6,2,Gràcia,28,Vallcarca i els Penitents,117,6012,528,2024-01-01T00:00:00
6,1,Gràcia,29,el Coll,118,6013,977,2024-01-01T00:00:00
6,2,Gràcia,29,el Coll,118,6013,882,2024-01-01T00:00:00
6,1,Gràcia,29,el Coll,118,6014,816,2024-01-01T00:00:00
6,2,Gràcia,29,el Coll,118,6014,659,2024-01-01T00:00:00
6,1,Gràcia,29,el Coll,118,6015,795,2024-01-01T00:00:00
6,1,Gràcia,29,el Coll,118,6016,877,2024-01-01T00:00:00
6,2,Gràcia,29,el Coll,118,6016,740,2024-01-01T00:00:00
6,1,Gràcia,29,el Coll,118,6017,788,2024-01-01T00:00:00
6,2,Gràcia,29,el Coll,118,6017,696,2024-01-01T00:00:00
6,1,Gràcia,30,la Salut,119,6018,739,2024-01-01T00:00:00
6,2,Gràcia,30,la Salut,119,6018,676,2024-01-01T00:00:00
6,1,Gràcia,30,la Salut,119,6019,797,2024-01-01T00:00:00
6,2,Gràcia,30,la Salut,119,6019,721,2024-01-01T00:00:00
6,1,Gràcia,30,la Salut,119,6020,661,2024-01-01T00:00:00
6,2,Gràcia,30,la Salut,119,6020,570,2024-01-01T00:00:00
6,1,Gràcia,30,la Salut,119,6021,756,2024-01-01T00:00:00
6,2,Gràcia,30,la Salut,119,6021,637,2024-01-01T00:00:00
6,1,Gràcia,30,la Salut,120,6022,716,2024-01-01T00:00:00
6,2,Gràcia,30,la Salut,120,6022,668,2024-01-01T00:00:00
6,1,Gràcia,30,la Salut,120,6023,687,2024-01-01T00:00:00
6,2,Gràcia,30,la Salut,120,6023,600,2024-01-01T00:00:00
6,1,Gràcia,30,la Salut,120,6024,924,2024-01-01T00:00:00
6,2,Gràcia,30,la Salut,120,6024,801,2024-01-01T00:00:00
6,1,Gràcia,30,la Salut,120,6025,771,2024-01-01T00:00:00
6,2,Gràcia,30,la Salut,120,6025,657,2024-01-01T00:00:00
6,1,Gràcia,30,la Salut,120,6026,605,2024-01-01T00:00:00
6,2,Gràcia,30,la Salut,120,6026,497,2024-01-01T00:00:00
6,1,Gràcia,30,la Salut,120,6027,660,2024-01-01T00:00:00
6,2,Gràcia,30,la Salut,120,6027,536,2024-01-01T00:00:00
6,1,Gràcia,31,la Vila de Gràcia,121,6028,726,2024-01-01T00:00:00
6,2,Gràcia,31,la Vila de Gràcia,121,6028,656,2024-01-01T00:00:00
6,1,Gràcia,31,la Vila de Gràcia,121,6029,763,2024-01-01T00:00:00
6,2,Gràcia,31,la Vila de Gràcia,121,6029,632,2024-01-01T00:00:00
6,1,Gràcia,31,la Vila de Gràcia,121,6030,737,2024-01-01T00:00:00
6,2,Gràcia,31,la Vila de Gràcia,121,6030,642,2024-01-01T00:00:00
6,1,Gràcia,31,la Vila de Gràcia,121,6031,616,2024-01-01T00:00:00
6,2,Gràcia,31,la Vila de Gràcia,121,6031,511,2024-01-01T00:00:00
6,1,Gràcia,31,la Vila de Gràcia,121,6032,656,2024-01-01T00:00:00
6,2,Gràcia,31,la Vila de Gràcia,121,6032,533,2024-01-01T00:00:00
6,1,Gràcia,31,la Vila de Gràcia,122,6033,712,2024-01-01T00:00:00
6,2,Gràcia,31,la Vila de Gràcia,122,6033,594,2024-01-01T00:00:00
6,1,Gràcia,31,la Vila de Gràcia,122,6034,646,2024-01-01T00:00:00
6,2,Gràcia,31,la Vila de Gràcia,122,6034,525,2024-01-01T00:00:00
6,1,Gràcia,31,la Vila de Gràcia,122,6035,587,2024-01-01T00:00:00
6,2,Gràcia,31,la Vila de Gràcia,122,6035,515,2024-01-01T00:00:00
6,1,Gràcia,31,la Vila de Gràcia,122,6036,819,2024-01-01T00:00:00
6,2,Gràcia,31,la Vila de Gràcia,122,6036,635,2024-01-01T00:00:00
6,1,Gràcia,31,la Vila de Gràcia,123,6037,564,2024-01-01T00:00:00
6,2,Gràcia,31,la Vila de Gràcia,123,6037,508,2024-01-01T00:00:00
6,1,Gràcia,31,la Vila de Gràcia,123,6038,904,2024-01-01T00:00:00
6,2,Gràcia,31,la Vila de Gràcia,123,6038,661,2024-01-01T00:00:00
6,1,Gràcia,31,la Vila de Gràcia,123,6039,914,2024-01-01T00:00:00
6,2,Gràcia,31,la Vila de Gràcia,123,6039,738,2024-01-01T00:00:00
6,1,Gràcia,31,la Vila de Gràcia,124,6040,978,2024-01-01T00:00:00
6,2,Gràcia,31,la Vila de Gràcia,124,6040,766,2024-01-01T00:00:00
6,1,Gràcia,31,la Vila de Gràcia,124,6041,992,2024-01-01T00:00:00
6,2,Gràcia,31,la Vila de Gràcia,124,6041,815,2024-01-01T00:00:00
6,1,Gràcia,31,la Vila de Gràcia,124,6042,931,2024-01-01T00:00:00
6,2,Gràcia,31,la Vila de Gràcia,124,6042,822,2024-01-01T00:00:00
6,1,Gràcia,31,la Vila de Gràcia,125,6043,714,2024-01-01T00:00:00
6,2,Gràcia,31,la Vila de Gràcia,125,6043,660,2024-01-01T00:00:00
6,1,Gràcia,31,la Vila de Gràcia,125,6044,858,2024-01-01T00:00:00
6,2,Gràcia,31,la Vila de Gràcia,125,6044,785,2024-01-01T00:00:00
6,1,Gràcia,31,la Vila de Gràcia,126,6045,667,2024-01-01T00:00:00
6,2,Gràcia,31,la Vila de Gràcia,126,6045,576,2024-01-01T00:00:00
6,1,Gràcia,31,la Vila de Gràcia,126,6046,597,2024-01-01T00:00:00
6,2,Gràcia,31,la Vila de Gràcia,126,6046,496,2024-01-01T00:00:00
6,1,Gràcia,31,la Vila de Gràcia,126,6047,697,2024-01-01T00:00:00
6,2,Gràcia,31,la Vila de Gràcia,126,6047,542,2024-01-01T00:00:00
6,1,Gràcia,31,la Vila de Gràcia,126,6048,739,2024-01-01T00:00:00
6,2,Gràcia,31,la Vila de Gràcia,126,6048,675,2024-01-01T00:00:00
6,1,Gràcia,31,la Vila de Gràcia,127,6049,658,2024-01-01T00:00:00
6,2,Gràcia,31,la Vila de Gràcia,127,6049,498,2024-01-01T00:00:00
6,1,Gràcia,31,la Vila de Gràcia,127,6050,701,2024-01-01T00:00:00
6,2,Gràcia,31,la Vila de Gràcia,127,6050,630,2024-01-01T00:00:00
6,1,Gràcia,31,la Vila de Gràcia,127,6051,684,2024-01-01T00:00:00
6,2,Gràcia,31,la Vila de Gràcia,127,6051,535,2024-01-01T00:00:00
6,1,Gràcia,31,la Vila de Gràcia,128,6052,790,2024-01-01T00:00:00
6,2,Gràcia,31,la Vila de Gràcia,128,6052,684,2024-01-01T00:00:00
6,1,Gràcia,31,la Vila de Gràcia,128,6053,839,2024-01-01T00:00:00
6,2,Gràcia,31,la Vila de Gràcia,128,6053,724,2024-01-01T00:00:00
6,1,Gràcia,31,la Vila de Gràcia,128,6054,814,2024-01-01T00:00:00
6,2,Gràcia,31,la Vila de Gràcia,128,6054,750,2024-01-01T00:00:00
6,1,Gràcia,31,la Vila de Gràcia,129,6055,771,2024-01-01T00:00:00
6,2,Gràcia,31,la Vila de Gràcia,129,6055,606,2024-01-01T00:00:00
6,1,Gràcia,31,la Vila de Gràcia,129,6056,885,2024-01-01T00:00:00
6,2,Gràcia,31,la Vila de Gràcia,129,6056,751,2024-01-01T00:00:00
6,1,Gràcia,31,la Vila de Gràcia,129,6057,867,2024-01-01T00:00:00
6,2,Gràcia,31,la Vila de Gràcia,129,6057,710,2024-01-01T00:00:00
6,1,Gràcia,31,la Vila de Gràcia,129,6058,980,2024-01-01T00:00:00
6,2,Gràcia,31,la Vila de Gràcia,129,6058,757,2024-01-01T00:00:00
6,1,Gràcia,31,la Vila de Gràcia,129,6059,809,2024-01-01T00:00:00
6,2,Gràcia,31,la Vila de Gràcia,129,6059,697,2024-01-01T00:00:00
6,1,Gràcia,31,la Vila de Gràcia,130,6060,927,2024-01-01T00:00:00
6,2,Gràcia,31,la Vila de Gràcia,130,6060,823,2024-01-01T00:00:00
6,1,Gràcia,31,la Vila de Gràcia,130,6061,727,2024-01-01T00:00:00
6,2,Gràcia,31,la Vila de Gràcia,130,6061,636,2024-01-01T00:00:00
6,1,Gràcia,31,la Vila de Gràcia,130,6062,683,2024-01-01T00:00:00
6,2,Gràcia,31,la Vila de Gràcia,130,6062,548,2024-01-01T00:00:00
6,1,Gràcia,31,la Vila de Gràcia,130,6063,814,2024-01-01T00:00:00
6,2,Gràcia,31,la Vila de Gràcia,130,6063,673,2024-01-01T00:00:00
6,1,Gràcia,32,el Camp d'en Grassot i Gràcia Nova,131,6064,1030,2024-01-01T00:00:00
6,2,Gràcia,32,el Camp d'en Grassot i Gràcia Nova,131,6064,885,2024-01-01T00:00:00
6,1,Gràcia,32,el Camp d'en Grassot i Gràcia Nova,131,6065,629,2024-01-01T00:00:00
6,2,Gràcia,32,el Camp d'en Grassot i Gràcia Nova,131,6065,507,2024-01-01T00:00:00
6,1,Gràcia,32,el Camp d'en Grassot i Gràcia Nova,131,6066,556,2024-01-01T00:00:00
6,2,Gràcia,32,el Camp d'en Grassot i Gràcia Nova,131,6066,430,2024-01-01T00:00:00
6,1,Gràcia,32,el Camp d'en Grassot i Gràcia Nova,131,6067,980,2024-01-01T00:00:00
6,2,Gràcia,32,el Camp d'en Grassot i Gràcia Nova,131,6067,856,2024-01-01T00:00:00
6,1,Gràcia,32,el Camp d'en Grassot i Gràcia Nova,131,6068,869,2024-01-01T00:00:00
6,2,Gràcia,32,el Camp d'en Grassot i Gràcia Nova,131,6068,724,2024-01-01T00:00:00
6,1,Gràcia,32,el Camp d'en Grassot i Gràcia Nova,131,6069,605,2024-01-01T00:00:00
6,2,Gràcia,32,el Camp d'en Grassot i Gràcia Nova,131,6069,494,2024-01-01T00:00:00
6,1,Gràcia,32,el Camp d'en Grassot i Gràcia Nova,131,6070,1082,2024-01-01T00:00:00
6,2,Gràcia,32,el Camp d'en Grassot i Gràcia Nova,131,6070,833,2024-01-01T00:00:00
6,1,Gràcia,32,el Camp d'en Grassot i Gràcia Nova,132,6071,589,2024-01-01T00:00:00
6,2,Gràcia,32,el Camp d'en Grassot i Gràcia Nova,132,6071,491,2024-01-01T00:00:00
6,1,Gràcia,32,el Camp d'en Grassot i Gràcia Nova,132,6072,897,2024-01-01T00:00:00
6,2,Gràcia,32,el Camp d'en Grassot i Gràcia Nova,132,6072,748,2024-01-01T00:00:00
8,2,Nou Barris,45,Porta,163,8033,721,2024-01-01T00:00:00
6,1,Gràcia,32,el Camp d'en Grassot i Gràcia Nova,132,6073,720,2024-01-01T00:00:00
6,2,Gràcia,32,el Camp d'en Grassot i Gràcia Nova,132,6073,602,2024-01-01T00:00:00
6,1,Gràcia,32,el Camp d'en Grassot i Gràcia Nova,132,6074,623,2024-01-01T00:00:00
6,2,Gràcia,32,el Camp d'en Grassot i Gràcia Nova,132,6074,547,2024-01-01T00:00:00
6,1,Gràcia,32,el Camp d'en Grassot i Gràcia Nova,132,6075,578,2024-01-01T00:00:00
6,2,Gràcia,32,el Camp d'en Grassot i Gràcia Nova,132,6075,512,2024-01-01T00:00:00
6,1,Gràcia,32,el Camp d'en Grassot i Gràcia Nova,132,6076,688,2024-01-01T00:00:00
6,2,Gràcia,32,el Camp d'en Grassot i Gràcia Nova,132,6076,606,2024-01-01T00:00:00
6,1,Gràcia,32,el Camp d'en Grassot i Gràcia Nova,133,6077,655,2024-01-01T00:00:00
6,2,Gràcia,32,el Camp d'en Grassot i Gràcia Nova,133,6077,529,2024-01-01T00:00:00
6,1,Gràcia,32,el Camp d'en Grassot i Gràcia Nova,133,6078,691,2024-01-01T00:00:00
6,2,Gràcia,32,el Camp d'en Grassot i Gràcia Nova,133,6078,602,2024-01-01T00:00:00
6,1,Gràcia,32,el Camp d'en Grassot i Gràcia Nova,133,6079,635,2024-01-01T00:00:00
6,2,Gràcia,32,el Camp d'en Grassot i Gràcia Nova,133,6079,518,2024-01-01T00:00:00
6,1,Gràcia,32,el Camp d'en Grassot i Gràcia Nova,133,6080,626,2024-01-01T00:00:00
6,2,Gràcia,32,el Camp d'en Grassot i Gràcia Nova,133,6080,551,2024-01-01T00:00:00
6,1,Gràcia,32,el Camp d'en Grassot i Gràcia Nova,133,6081,719,2024-01-01T00:00:00
6,2,Gràcia,32,el Camp d'en Grassot i Gràcia Nova,133,6081,613,2024-01-01T00:00:00
6,1,Gràcia,32,el Camp d'en Grassot i Gràcia Nova,134,6082,1811,2024-01-01T00:00:00
6,2,Gràcia,32,el Camp d'en Grassot i Gràcia Nova,134,6082,1817,2024-01-01T00:00:00
6,1,Gràcia,32,el Camp d'en Grassot i Gràcia Nova,134,6083,893,2024-01-01T00:00:00
6,2,Gràcia,32,el Camp d'en Grassot i Gràcia Nova,134,6083,781,2024-01-01T00:00:00
6,1,Gràcia,32,el Camp d'en Grassot i Gràcia Nova,134,6084,794,2024-01-01T00:00:00
6,2,Gràcia,32,el Camp d'en Grassot i Gràcia Nova,134,6084,665,2024-01-01T00:00:00
6,1,Gràcia,32,el Camp d'en Grassot i Gràcia Nova,134,6085,733,2024-01-01T00:00:00
6,2,Gràcia,32,el Camp d'en Grassot i Gràcia Nova,134,6085,601,2024-01-01T00:00:00
6,1,Gràcia,32,el Camp d'en Grassot i Gràcia Nova,134,6086,539,2024-01-01T00:00:00
6,2,Gràcia,32,el Camp d'en Grassot i Gràcia Nova,134,6086,460,2024-01-01T00:00:00
6,1,Gràcia,32,el Camp d'en Grassot i Gràcia Nova,134,6087,976,2024-01-01T00:00:00
6,2,Gràcia,32,el Camp d'en Grassot i Gràcia Nova,134,6087,840,2024-01-01T00:00:00
6,1,Gràcia,32,el Camp d'en Grassot i Gràcia Nova,134,6088,718,2024-01-01T00:00:00
6,2,Gràcia,32,el Camp d'en Grassot i Gràcia Nova,134,6088,564,2024-01-01T00:00:00
7,1,Horta-Guinardó,33,el Baix Guinardó,135,7001,868,2024-01-01T00:00:00
7,2,Horta-Guinardó,33,el Baix Guinardó,135,7001,694,2024-01-01T00:00:00
7,1,Horta-Guinardó,33,el Baix Guinardó,135,7002,631,2024-01-01T00:00:00
7,2,Horta-Guinardó,33,el Baix Guinardó,135,7002,495,2024-01-01T00:00:00
7,1,Horta-Guinardó,33,el Baix Guinardó,135,7003,752,2024-01-01T00:00:00
7,2,Horta-Guinardó,33,el Baix Guinardó,135,7003,635,2024-01-01T00:00:00
7,1,Horta-Guinardó,33,el Baix Guinardó,135,7004,866,2024-01-01T00:00:00
7,2,Horta-Guinardó,33,el Baix Guinardó,135,7004,715,2024-01-01T00:00:00
7,1,Horta-Guinardó,33,el Baix Guinardó,135,7005,772,2024-01-01T00:00:00
7,2,Horta-Guinardó,33,el Baix Guinardó,135,7005,669,2024-01-01T00:00:00
7,1,Horta-Guinardó,33,el Baix Guinardó,135,7006,488,2024-01-01T00:00:00
7,2,Horta-Guinardó,33,el Baix Guinardó,135,7006,434,2024-01-01T00:00:00
7,1,Horta-Guinardó,33,el Baix Guinardó,135,7007,790,2024-01-01T00:00:00
7,2,Horta-Guinardó,33,el Baix Guinardó,135,7007,624,2024-01-01T00:00:00
7,1,Horta-Guinardó,33,el Baix Guinardó,135,7008,748,2024-01-01T00:00:00
7,2,Horta-Guinardó,33,el Baix Guinardó,135,7008,645,2024-01-01T00:00:00
7,1,Horta-Guinardó,33,el Baix Guinardó,136,7009,730,2024-01-01T00:00:00
8,1,Nou Barris,45,Porta,163,8034,713,2024-01-01T00:00:00
7,2,Horta-Guinardó,33,el Baix Guinardó,136,7009,571,2024-01-01T00:00:00
7,1,Horta-Guinardó,33,el Baix Guinardó,136,7010,701,2024-01-01T00:00:00
7,2,Horta-Guinardó,33,el Baix Guinardó,136,7010,631,2024-01-01T00:00:00
7,1,Horta-Guinardó,33,el Baix Guinardó,136,7011,614,2024-01-01T00:00:00
7,2,Horta-Guinardó,33,el Baix Guinardó,136,7011,544,2024-01-01T00:00:00
7,1,Horta-Guinardó,33,el Baix Guinardó,136,7012,853,2024-01-01T00:00:00
7,2,Horta-Guinardó,33,el Baix Guinardó,136,7012,739,2024-01-01T00:00:00
7,1,Horta-Guinardó,33,el Baix Guinardó,136,7013,660,2024-01-01T00:00:00
7,2,Horta-Guinardó,33,el Baix Guinardó,136,7013,577,2024-01-01T00:00:00
7,1,Horta-Guinardó,33,el Baix Guinardó,137,7014,475,2024-01-01T00:00:00
7,2,Horta-Guinardó,33,el Baix Guinardó,137,7014,412,2024-01-01T00:00:00
7,1,Horta-Guinardó,33,el Baix Guinardó,137,7015,732,2024-01-01T00:00:00
7,2,Horta-Guinardó,33,el Baix Guinardó,137,7015,653,2024-01-01T00:00:00
7,1,Horta-Guinardó,33,el Baix Guinardó,137,7016,697,2024-01-01T00:00:00
7,2,Horta-Guinardó,33,el Baix Guinardó,137,7016,648,2024-01-01T00:00:00
7,1,Horta-Guinardó,33,el Baix Guinardó,137,7017,1023,2024-01-01T00:00:00
7,2,Horta-Guinardó,33,el Baix Guinardó,137,7017,819,2024-01-01T00:00:00
7,1,Horta-Guinardó,33,el Baix Guinardó,137,7018,948,2024-01-01T00:00:00
7,2,Horta-Guinardó,33,el Baix Guinardó,137,7018,815,2024-01-01T00:00:00
7,1,Horta-Guinardó,33,el Baix Guinardó,137,7019,842,2024-01-01T00:00:00
7,2,Horta-Guinardó,33,el Baix Guinardó,137,7019,770,2024-01-01T00:00:00
7,1,Horta-Guinardó,34,Can Baró,138,7020,910,2024-01-01T00:00:00
7,2,Horta-Guinardó,34,Can Baró,138,7020,830,2024-01-01T00:00:00
7,1,Horta-Guinardó,34,Can Baró,138,7021,570,2024-01-01T00:00:00
7,2,Horta-Guinardó,34,Can Baró,138,7021,520,2024-01-01T00:00:00
7,1,Horta-Guinardó,34,Can Baró,138,7022,628,2024-01-01T00:00:00
7,2,Horta-Guinardó,34,Can Baró,138,7022,549,2024-01-01T00:00:00
7,1,Horta-Guinardó,34,Can Baró,138,7023,676,2024-01-01T00:00:00
7,2,Horta-Guinardó,34,Can Baró,138,7023,653,2024-01-01T00:00:00
7,1,Horta-Guinardó,34,Can Baró,138,7024,809,2024-01-01T00:00:00
7,2,Horta-Guinardó,34,Can Baró,138,7024,708,2024-01-01T00:00:00
7,1,Horta-Guinardó,34,Can Baró,138,7025,803,2024-01-01T00:00:00
7,2,Horta-Guinardó,34,Can Baró,138,7025,734,2024-01-01T00:00:00
7,1,Horta-Guinardó,34,Can Baró,138,7026,601,2024-01-01T00:00:00
7,2,Horta-Guinardó,34,Can Baró,138,7026,534,2024-01-01T00:00:00
7,1,Horta-Guinardó,35,el Guinardó,139,7027,1118,2024-01-01T00:00:00
7,2,Horta-Guinardó,35,el Guinardó,139,7027,997,2024-01-01T00:00:00
7,1,Horta-Guinardó,35,el Guinardó,139,7028,763,2024-01-01T00:00:00
7,2,Horta-Guinardó,35,el Guinardó,139,7028,753,2024-01-01T00:00:00
7,1,Horta-Guinardó,35,el Guinardó,139,7029,690,2024-01-01T00:00:00
7,2,Horta-Guinardó,35,el Guinardó,139,7029,621,2024-01-01T00:00:00
7,1,Horta-Guinardó,35,el Guinardó,139,7030,815,2024-01-01T00:00:00
7,2,Horta-Guinardó,35,el Guinardó,139,7030,684,2024-01-01T00:00:00
7,1,Horta-Guinardó,35,el Guinardó,140,7031,836,2024-01-01T00:00:00
7,2,Horta-Guinardó,35,el Guinardó,140,7031,766,2024-01-01T00:00:00
7,1,Horta-Guinardó,35,el Guinardó,140,7032,763,2024-01-01T00:00:00
7,2,Horta-Guinardó,35,el Guinardó,140,7032,713,2024-01-01T00:00:00
7,1,Horta-Guinardó,35,el Guinardó,140,7033,798,2024-01-01T00:00:00
7,2,Horta-Guinardó,35,el Guinardó,140,7033,706,2024-01-01T00:00:00
7,1,Horta-Guinardó,35,el Guinardó,140,7034,998,2024-01-01T00:00:00
7,2,Horta-Guinardó,35,el Guinardó,140,7034,840,2024-01-01T00:00:00
7,1,Horta-Guinardó,35,el Guinardó,140,7035,930,2024-01-01T00:00:00
7,2,Horta-Guinardó,35,el Guinardó,140,7035,826,2024-01-01T00:00:00
7,1,Horta-Guinardó,35,el Guinardó,140,7036,780,2024-01-01T00:00:00
7,2,Horta-Guinardó,35,el Guinardó,140,7036,677,2024-01-01T00:00:00
7,1,Horta-Guinardó,35,el Guinardó,140,7037,810,2024-01-01T00:00:00
7,2,Horta-Guinardó,35,el Guinardó,140,7037,740,2024-01-01T00:00:00
7,1,Horta-Guinardó,35,el Guinardó,140,7038,673,2024-01-01T00:00:00
7,2,Horta-Guinardó,35,el Guinardó,140,7038,610,2024-01-01T00:00:00
7,1,Horta-Guinardó,35,el Guinardó,141,7039,859,2024-01-01T00:00:00
7,2,Horta-Guinardó,35,el Guinardó,141,7039,756,2024-01-01T00:00:00
7,1,Horta-Guinardó,35,el Guinardó,141,7040,840,2024-01-01T00:00:00
7,2,Horta-Guinardó,35,el Guinardó,141,7040,707,2024-01-01T00:00:00
7,1,Horta-Guinardó,35,el Guinardó,141,7041,800,2024-01-01T00:00:00
7,2,Horta-Guinardó,35,el Guinardó,141,7041,641,2024-01-01T00:00:00
7,1,Horta-Guinardó,35,el Guinardó,142,7042,904,2024-01-01T00:00:00
7,2,Horta-Guinardó,35,el Guinardó,142,7042,731,2024-01-01T00:00:00
7,1,Horta-Guinardó,35,el Guinardó,142,7043,780,2024-01-01T00:00:00
7,2,Horta-Guinardó,35,el Guinardó,142,7043,689,2024-01-01T00:00:00
7,1,Horta-Guinardó,35,el Guinardó,142,7044,712,2024-01-01T00:00:00
7,2,Horta-Guinardó,35,el Guinardó,142,7044,606,2024-01-01T00:00:00
7,1,Horta-Guinardó,35,el Guinardó,142,7045,858,2024-01-01T00:00:00
7,2,Horta-Guinardó,35,el Guinardó,142,7045,806,2024-01-01T00:00:00
7,1,Horta-Guinardó,35,el Guinardó,142,7046,759,2024-01-01T00:00:00
7,2,Horta-Guinardó,35,el Guinardó,142,7046,653,2024-01-01T00:00:00
7,1,Horta-Guinardó,35,el Guinardó,143,7047,786,2024-01-01T00:00:00
7,2,Horta-Guinardó,35,el Guinardó,143,7047,707,2024-01-01T00:00:00
7,1,Horta-Guinardó,35,el Guinardó,143,7048,704,2024-01-01T00:00:00
7,2,Horta-Guinardó,35,el Guinardó,143,7048,616,2024-01-01T00:00:00
7,1,Horta-Guinardó,35,el Guinardó,143,7049,649,2024-01-01T00:00:00
7,2,Horta-Guinardó,35,el Guinardó,143,7049,568,2024-01-01T00:00:00
7,1,Horta-Guinardó,35,el Guinardó,143,7050,647,2024-01-01T00:00:00
7,2,Horta-Guinardó,35,el Guinardó,143,7050,583,2024-01-01T00:00:00
7,1,Horta-Guinardó,35,el Guinardó,143,7051,1020,2024-01-01T00:00:00
7,2,Horta-Guinardó,35,el Guinardó,143,7051,865,2024-01-01T00:00:00
7,1,Horta-Guinardó,36,la Font d'en Fargues,144,7052,701,2024-01-01T00:00:00
7,2,Horta-Guinardó,36,la Font d'en Fargues,144,7052,641,2024-01-01T00:00:00
7,1,Horta-Guinardó,36,la Font d'en Fargues,144,7053,772,2024-01-01T00:00:00
7,2,Horta-Guinardó,36,la Font d'en Fargues,144,7053,724,2024-01-01T00:00:00
7,1,Horta-Guinardó,36,la Font d'en Fargues,144,7054,886,2024-01-01T00:00:00
7,2,Horta-Guinardó,36,la Font d'en Fargues,144,7054,814,2024-01-01T00:00:00
7,1,Horta-Guinardó,36,la Font d'en Fargues,145,7055,672,2024-01-01T00:00:00
7,2,Horta-Guinardó,36,la Font d'en Fargues,145,7055,554,2024-01-01T00:00:00
7,1,Horta-Guinardó,36,la Font d'en Fargues,145,7056,625,2024-01-01T00:00:00
7,2,Horta-Guinardó,36,la Font d'en Fargues,145,7056,597,2024-01-01T00:00:00
7,1,Horta-Guinardó,36,la Font d'en Fargues,145,7057,802,2024-01-01T00:00:00
7,2,Horta-Guinardó,36,la Font d'en Fargues,145,7057,703,2024-01-01T00:00:00
7,1,Horta-Guinardó,36,la Font d'en Fargues,145,7058,705,2024-01-01T00:00:00
7,2,Horta-Guinardó,36,la Font d'en Fargues,145,7058,641,2024-01-01T00:00:00
7,1,Horta-Guinardó,37,el Carmel,146,7059,712,2024-01-01T00:00:00
7,2,Horta-Guinardó,37,el Carmel,146,7059,704,2024-01-01T00:00:00
7,1,Horta-Guinardó,37,el Carmel,146,7060,993,2024-01-01T00:00:00
7,2,Horta-Guinardó,37,el Carmel,146,7060,929,2024-01-01T00:00:00
7,1,Horta-Guinardó,37,el Carmel,147,7061,593,2024-01-01T00:00:00
7,2,Horta-Guinardó,43,Horta,155,7114,586,2024-01-01T00:00:00
7,2,Horta-Guinardó,37,el Carmel,147,7061,578,2024-01-01T00:00:00
7,1,Horta-Guinardó,37,el Carmel,147,7062,693,2024-01-01T00:00:00
7,2,Horta-Guinardó,37,el Carmel,147,7062,666,2024-01-01T00:00:00
7,1,Horta-Guinardó,37,el Carmel,147,7063,766,2024-01-01T00:00:00
7,2,Horta-Guinardó,37,el Carmel,147,7063,712,2024-01-01T00:00:00
7,1,Horta-Guinardó,37,el Carmel,147,7064,905,2024-01-01T00:00:00
7,2,Horta-Guinardó,37,el Carmel,147,7064,811,2024-01-01T00:00:00
7,1,Horta-Guinardó,37,el Carmel,147,7065,978,2024-01-01T00:00:00
7,2,Horta-Guinardó,37,el Carmel,147,7065,834,2024-01-01T00:00:00
7,1,Horta-Guinardó,37,el Carmel,147,7066,970,2024-01-01T00:00:00
7,2,Horta-Guinardó,37,el Carmel,147,7066,860,2024-01-01T00:00:00
7,1,Horta-Guinardó,37,el Carmel,147,7067,831,2024-01-01T00:00:00
7,2,Horta-Guinardó,37,el Carmel,147,7067,770,2024-01-01T00:00:00
7,1,Horta-Guinardó,37,el Carmel,147,7068,733,2024-01-01T00:00:00
7,2,Horta-Guinardó,37,el Carmel,147,7068,630,2024-01-01T00:00:00
7,1,Horta-Guinardó,37,el Carmel,147,7069,789,2024-01-01T00:00:00
7,2,Horta-Guinardó,37,el Carmel,147,7069,706,2024-01-01T00:00:00
7,1,Horta-Guinardó,37,el Carmel,147,7070,772,2024-01-01T00:00:00
7,2,Horta-Guinardó,37,el Carmel,147,7070,644,2024-01-01T00:00:00
7,1,Horta-Guinardó,37,el Carmel,148,7071,719,2024-01-01T00:00:00
7,2,Horta-Guinardó,37,el Carmel,148,7071,622,2024-01-01T00:00:00
7,1,Horta-Guinardó,37,el Carmel,148,7072,778,2024-01-01T00:00:00
7,2,Horta-Guinardó,37,el Carmel,148,7072,657,2024-01-01T00:00:00
7,1,Horta-Guinardó,37,el Carmel,148,7073,625,2024-01-01T00:00:00
7,2,Horta-Guinardó,37,el Carmel,148,7073,543,2024-01-01T00:00:00
7,1,Horta-Guinardó,37,el Carmel,148,7074,898,2024-01-01T00:00:00
7,2,Horta-Guinardó,37,el Carmel,148,7074,839,2024-01-01T00:00:00
7,1,Horta-Guinardó,37,el Carmel,148,7075,621,2024-01-01T00:00:00
7,2,Horta-Guinardó,37,el Carmel,148,7075,585,2024-01-01T00:00:00
7,1,Horta-Guinardó,37,el Carmel,148,7076,734,2024-01-01T00:00:00
7,2,Horta-Guinardó,37,el Carmel,148,7076,670,2024-01-01T00:00:00
7,1,Horta-Guinardó,37,el Carmel,148,7077,681,2024-01-01T00:00:00
7,2,Horta-Guinardó,37,el Carmel,148,7077,639,2024-01-01T00:00:00
7,1,Horta-Guinardó,37,el Carmel,148,7078,763,2024-01-01T00:00:00
7,2,Horta-Guinardó,37,el Carmel,148,7078,730,2024-01-01T00:00:00
7,1,Horta-Guinardó,37,el Carmel,148,7079,812,2024-01-01T00:00:00
7,2,Horta-Guinardó,37,el Carmel,148,7079,735,2024-01-01T00:00:00
7,1,Horta-Guinardó,37,el Carmel,148,7080,952,2024-01-01T00:00:00
7,2,Horta-Guinardó,37,el Carmel,148,7080,855,2024-01-01T00:00:00
7,1,Horta-Guinardó,38,la Teixonera,149,7081,1003,2024-01-01T00:00:00
7,2,Horta-Guinardó,38,la Teixonera,149,7081,916,2024-01-01T00:00:00
7,1,Horta-Guinardó,38,la Teixonera,149,7082,654,2024-01-01T00:00:00
7,2,Horta-Guinardó,38,la Teixonera,149,7082,615,2024-01-01T00:00:00
7,1,Horta-Guinardó,38,la Teixonera,149,7083,740,2024-01-01T00:00:00
7,2,Horta-Guinardó,38,la Teixonera,149,7083,672,2024-01-01T00:00:00
7,1,Horta-Guinardó,38,la Teixonera,149,7084,716,2024-01-01T00:00:00
7,2,Horta-Guinardó,38,la Teixonera,149,7084,685,2024-01-01T00:00:00
7,1,Horta-Guinardó,38,la Teixonera,149,7085,673,2024-01-01T00:00:00
7,2,Horta-Guinardó,38,la Teixonera,149,7085,655,2024-01-01T00:00:00
7,1,Horta-Guinardó,38,la Teixonera,149,7086,810,2024-01-01T00:00:00
7,2,Horta-Guinardó,38,la Teixonera,149,7086,766,2024-01-01T00:00:00
7,1,Horta-Guinardó,38,la Teixonera,149,7087,918,2024-01-01T00:00:00
7,2,Horta-Guinardó,38,la Teixonera,149,7087,815,2024-01-01T00:00:00
7,1,Horta-Guinardó,38,la Teixonera,149,7088,947,2024-01-01T00:00:00
7,2,Horta-Guinardó,38,la Teixonera,149,7088,848,2024-01-01T00:00:00
7,1,Horta-Guinardó,39,Sant Genís dels Agudells,150,7089,823,2024-01-01T00:00:00
7,2,Horta-Guinardó,39,Sant Genís dels Agudells,150,7089,653,2024-01-01T00:00:00
7,1,Horta-Guinardó,39,Sant Genís dels Agudells,150,7090,817,2024-01-01T00:00:00
7,2,Horta-Guinardó,39,Sant Genís dels Agudells,150,7090,740,2024-01-01T00:00:00
7,1,Horta-Guinardó,39,Sant Genís dels Agudells,150,7091,742,2024-01-01T00:00:00
7,2,Horta-Guinardó,39,Sant Genís dels Agudells,150,7091,596,2024-01-01T00:00:00
7,1,Horta-Guinardó,39,Sant Genís dels Agudells,150,7092,855,2024-01-01T00:00:00
7,2,Horta-Guinardó,39,Sant Genís dels Agudells,150,7092,705,2024-01-01T00:00:00
7,1,Horta-Guinardó,39,Sant Genís dels Agudells,150,7093,901,2024-01-01T00:00:00
7,2,Horta-Guinardó,39,Sant Genís dels Agudells,150,7093,934,2024-01-01T00:00:00
7,1,Horta-Guinardó,40,Montbau,151,7094,715,2024-01-01T00:00:00
7,2,Horta-Guinardó,40,Montbau,151,7094,564,2024-01-01T00:00:00
7,1,Horta-Guinardó,40,Montbau,151,7095,829,2024-01-01T00:00:00
7,2,Horta-Guinardó,40,Montbau,151,7095,776,2024-01-01T00:00:00
7,1,Horta-Guinardó,40,Montbau,151,7096,811,2024-01-01T00:00:00
7,2,Horta-Guinardó,40,Montbau,151,7096,699,2024-01-01T00:00:00
7,1,Horta-Guinardó,40,Montbau,151,7097,518,2024-01-01T00:00:00
7,2,Horta-Guinardó,40,Montbau,151,7097,374,2024-01-01T00:00:00
7,1,Horta-Guinardó,41,la Vall d'Hebron,152,7098,1145,2024-01-01T00:00:00
7,2,Horta-Guinardó,41,la Vall d'Hebron,152,7098,1017,2024-01-01T00:00:00
7,1,Horta-Guinardó,41,la Vall d'Hebron,152,7099,537,2024-01-01T00:00:00
7,2,Horta-Guinardó,41,la Vall d'Hebron,152,7099,493,2024-01-01T00:00:00
7,1,Horta-Guinardó,41,la Vall d'Hebron,152,7100,644,2024-01-01T00:00:00
7,2,Horta-Guinardó,41,la Vall d'Hebron,152,7100,554,2024-01-01T00:00:00
7,1,Horta-Guinardó,41,la Vall d'Hebron,152,7101,822,2024-01-01T00:00:00
7,2,Horta-Guinardó,41,la Vall d'Hebron,152,7101,677,2024-01-01T00:00:00
7,1,Horta-Guinardó,42,la Clota,153,7102,411,2024-01-01T00:00:00
7,2,Horta-Guinardó,42,la Clota,153,7102,430,2024-01-01T00:00:00
7,1,Horta-Guinardó,43,Horta,154,7103,860,2024-01-01T00:00:00
7,2,Horta-Guinardó,43,Horta,154,7103,763,2024-01-01T00:00:00
7,1,Horta-Guinardó,43,Horta,154,7104,841,2024-01-01T00:00:00
7,2,Horta-Guinardó,43,Horta,154,7104,754,2024-01-01T00:00:00
7,1,Horta-Guinardó,43,Horta,154,7105,550,2024-01-01T00:00:00
7,2,Horta-Guinardó,43,Horta,154,7105,485,2024-01-01T00:00:00
7,1,Horta-Guinardó,43,Horta,154,7106,653,2024-01-01T00:00:00
7,2,Horta-Guinardó,43,Horta,154,7106,548,2024-01-01T00:00:00
7,1,Horta-Guinardó,43,Horta,154,7107,622,2024-01-01T00:00:00
7,2,Horta-Guinardó,43,Horta,154,7107,559,2024-01-01T00:00:00
7,1,Horta-Guinardó,43,Horta,154,7108,664,2024-01-01T00:00:00
7,2,Horta-Guinardó,43,Horta,154,7108,577,2024-01-01T00:00:00
7,1,Horta-Guinardó,43,Horta,154,7109,906,2024-01-01T00:00:00
7,2,Horta-Guinardó,43,Horta,154,7109,787,2024-01-01T00:00:00
7,1,Horta-Guinardó,43,Horta,154,7110,584,2024-01-01T00:00:00
7,2,Horta-Guinardó,43,Horta,154,7110,440,2024-01-01T00:00:00
7,1,Horta-Guinardó,43,Horta,154,7111,515,2024-01-01T00:00:00
7,2,Horta-Guinardó,43,Horta,154,7111,396,2024-01-01T00:00:00
7,1,Horta-Guinardó,43,Horta,155,7112,721,2024-01-01T00:00:00
7,2,Horta-Guinardó,43,Horta,155,7112,653,2024-01-01T00:00:00
7,1,Horta-Guinardó,43,Horta,155,7113,647,2024-01-01T00:00:00
7,2,Horta-Guinardó,43,Horta,155,7113,595,2024-01-01T00:00:00
7,1,Horta-Guinardó,43,Horta,155,7114,674,2024-01-01T00:00:00
7,1,Horta-Guinardó,43,Horta,155,7115,586,2024-01-01T00:00:00
7,2,Horta-Guinardó,43,Horta,155,7115,501,2024-01-01T00:00:00
7,1,Horta-Guinardó,43,Horta,155,7116,851,2024-01-01T00:00:00
7,2,Horta-Guinardó,43,Horta,155,7116,691,2024-01-01T00:00:00
7,1,Horta-Guinardó,43,Horta,155,7117,2441,2024-01-01T00:00:00
7,2,Horta-Guinardó,43,Horta,155,7117,2761,2024-01-01T00:00:00
7,1,Horta-Guinardó,43,Horta,155,7118,697,2024-01-01T00:00:00
7,2,Horta-Guinardó,43,Horta,155,7118,596,2024-01-01T00:00:00
7,1,Horta-Guinardó,43,Horta,156,7119,739,2024-01-01T00:00:00
7,2,Horta-Guinardó,43,Horta,156,7119,638,2024-01-01T00:00:00
7,1,Horta-Guinardó,43,Horta,156,7120,694,2024-01-01T00:00:00
7,2,Horta-Guinardó,43,Horta,156,7120,554,2024-01-01T00:00:00
7,1,Horta-Guinardó,43,Horta,156,7121,681,2024-01-01T00:00:00
7,2,Horta-Guinardó,43,Horta,156,7121,548,2024-01-01T00:00:00
7,1,Horta-Guinardó,43,Horta,156,7122,724,2024-01-01T00:00:00
7,2,Horta-Guinardó,43,Horta,156,7122,602,2024-01-01T00:00:00
7,1,Horta-Guinardó,43,Horta,156,7123,739,2024-01-01T00:00:00
7,2,Horta-Guinardó,43,Horta,156,7123,668,2024-01-01T00:00:00
8,1,Nou Barris,44,Vilapicina i la Torre Llobeta,157,8001,677,2024-01-01T00:00:00
8,2,Nou Barris,44,Vilapicina i la Torre Llobeta,157,8001,582,2024-01-01T00:00:00
8,1,Nou Barris,44,Vilapicina i la Torre Llobeta,157,8002,697,2024-01-01T00:00:00
8,2,Nou Barris,44,Vilapicina i la Torre Llobeta,157,8002,601,2024-01-01T00:00:00
8,1,Nou Barris,44,Vilapicina i la Torre Llobeta,157,8003,676,2024-01-01T00:00:00
8,2,Nou Barris,44,Vilapicina i la Torre Llobeta,157,8003,586,2024-01-01T00:00:00
8,1,Nou Barris,44,Vilapicina i la Torre Llobeta,157,8004,826,2024-01-01T00:00:00
8,2,Nou Barris,44,Vilapicina i la Torre Llobeta,157,8004,644,2024-01-01T00:00:00
8,1,Nou Barris,44,Vilapicina i la Torre Llobeta,157,8005,622,2024-01-01T00:00:00
8,2,Nou Barris,44,Vilapicina i la Torre Llobeta,157,8005,551,2024-01-01T00:00:00
8,1,Nou Barris,44,Vilapicina i la Torre Llobeta,157,8006,909,2024-01-01T00:00:00
8,2,Nou Barris,44,Vilapicina i la Torre Llobeta,157,8006,776,2024-01-01T00:00:00
8,1,Nou Barris,44,Vilapicina i la Torre Llobeta,157,8007,625,2024-01-01T00:00:00
8,2,Nou Barris,44,Vilapicina i la Torre Llobeta,157,8007,547,2024-01-01T00:00:00
8,1,Nou Barris,44,Vilapicina i la Torre Llobeta,157,8008,843,2024-01-01T00:00:00
8,2,Nou Barris,44,Vilapicina i la Torre Llobeta,157,8008,762,2024-01-01T00:00:00
8,1,Nou Barris,44,Vilapicina i la Torre Llobeta,158,8009,956,2024-01-01T00:00:00
8,2,Nou Barris,44,Vilapicina i la Torre Llobeta,158,8009,843,2024-01-01T00:00:00
8,1,Nou Barris,44,Vilapicina i la Torre Llobeta,159,8010,612,2024-01-01T00:00:00
8,2,Nou Barris,44,Vilapicina i la Torre Llobeta,159,8010,540,2024-01-01T00:00:00
8,1,Nou Barris,44,Vilapicina i la Torre Llobeta,159,8011,637,2024-01-01T00:00:00
8,2,Nou Barris,44,Vilapicina i la Torre Llobeta,159,8011,546,2024-01-01T00:00:00
8,1,Nou Barris,44,Vilapicina i la Torre Llobeta,159,8012,681,2024-01-01T00:00:00
8,2,Nou Barris,44,Vilapicina i la Torre Llobeta,159,8012,564,2024-01-01T00:00:00
8,1,Nou Barris,44,Vilapicina i la Torre Llobeta,159,8013,679,2024-01-01T00:00:00
8,2,Nou Barris,44,Vilapicina i la Torre Llobeta,159,8013,542,2024-01-01T00:00:00
8,1,Nou Barris,44,Vilapicina i la Torre Llobeta,159,8014,714,2024-01-01T00:00:00
8,2,Nou Barris,44,Vilapicina i la Torre Llobeta,159,8014,602,2024-01-01T00:00:00
8,1,Nou Barris,44,Vilapicina i la Torre Llobeta,160,8015,850,2024-01-01T00:00:00
8,2,Nou Barris,44,Vilapicina i la Torre Llobeta,160,8015,658,2024-01-01T00:00:00
8,1,Nou Barris,44,Vilapicina i la Torre Llobeta,160,8016,670,2024-01-01T00:00:00
8,2,Nou Barris,44,Vilapicina i la Torre Llobeta,160,8016,526,2024-01-01T00:00:00
8,1,Nou Barris,44,Vilapicina i la Torre Llobeta,160,8017,726,2024-01-01T00:00:00
8,2,Nou Barris,44,Vilapicina i la Torre Llobeta,160,8017,646,2024-01-01T00:00:00
8,1,Nou Barris,44,Vilapicina i la Torre Llobeta,160,8018,819,2024-01-01T00:00:00
8,2,Nou Barris,44,Vilapicina i la Torre Llobeta,160,8018,686,2024-01-01T00:00:00
8,1,Nou Barris,44,Vilapicina i la Torre Llobeta,160,8019,1003,2024-01-01T00:00:00
8,2,Nou Barris,44,Vilapicina i la Torre Llobeta,160,8019,869,2024-01-01T00:00:00
8,1,Nou Barris,45,Porta,161,8020,747,2024-01-01T00:00:00
8,2,Nou Barris,45,Porta,161,8020,681,2024-01-01T00:00:00
8,1,Nou Barris,45,Porta,161,8021,781,2024-01-01T00:00:00
8,2,Nou Barris,45,Porta,161,8021,670,2024-01-01T00:00:00
8,1,Nou Barris,45,Porta,161,8022,659,2024-01-01T00:00:00
8,2,Nou Barris,45,Porta,161,8022,566,2024-01-01T00:00:00
8,1,Nou Barris,45,Porta,161,8023,764,2024-01-01T00:00:00
8,2,Nou Barris,45,Porta,161,8023,686,2024-01-01T00:00:00
8,1,Nou Barris,45,Porta,161,8024,767,2024-01-01T00:00:00
8,2,Nou Barris,45,Porta,161,8024,647,2024-01-01T00:00:00
8,1,Nou Barris,45,Porta,161,8025,732,2024-01-01T00:00:00
8,2,Nou Barris,45,Porta,161,8025,573,2024-01-01T00:00:00
8,1,Nou Barris,45,Porta,161,8026,766,2024-01-01T00:00:00
8,2,Nou Barris,45,Porta,161,8026,644,2024-01-01T00:00:00
8,1,Nou Barris,45,Porta,162,8027,737,2024-01-01T00:00:00
8,2,Nou Barris,45,Porta,162,8027,717,2024-01-01T00:00:00
8,1,Nou Barris,45,Porta,162,8028,591,2024-01-01T00:00:00
8,2,Nou Barris,45,Porta,162,8028,480,2024-01-01T00:00:00
8,1,Nou Barris,45,Porta,162,8029,833,2024-01-01T00:00:00
8,2,Nou Barris,45,Porta,162,8029,723,2024-01-01T00:00:00
8,1,Nou Barris,45,Porta,162,8030,775,2024-01-01T00:00:00
8,2,Nou Barris,45,Porta,162,8030,686,2024-01-01T00:00:00
8,1,Nou Barris,45,Porta,163,8031,686,2024-01-01T00:00:00
8,2,Nou Barris,45,Porta,163,8031,606,2024-01-01T00:00:00
8,1,Nou Barris,45,Porta,163,8032,676,2024-01-01T00:00:00
8,2,Nou Barris,45,Porta,163,8032,587,2024-01-01T00:00:00
8,1,Nou Barris,45,Porta,163,8033,794,2024-01-01T00:00:00
8,2,Nou Barris,45,Porta,163,8034,571,2024-01-01T00:00:00
8,1,Nou Barris,45,Porta,163,8035,3455,2024-01-01T00:00:00
8,2,Nou Barris,45,Porta,163,8035,4054,2024-01-01T00:00:00
8,1,Nou Barris,45,Porta,163,8036,884,2024-01-01T00:00:00
8,2,Nou Barris,45,Porta,163,8036,729,2024-01-01T00:00:00
8,1,Nou Barris,45,Porta,163,8037,893,2024-01-01T00:00:00
8,2,Nou Barris,45,Porta,163,8037,735,2024-01-01T00:00:00
8,1,Nou Barris,46,el Turó de la Peira,164,8038,908,2024-01-01T00:00:00
8,2,Nou Barris,46,el Turó de la Peira,164,8038,767,2024-01-01T00:00:00
8,1,Nou Barris,46,el Turó de la Peira,164,8039,841,2024-01-01T00:00:00
8,2,Nou Barris,46,el Turó de la Peira,164,8039,747,2024-01-01T00:00:00
8,1,Nou Barris,46,el Turó de la Peira,164,8040,1027,2024-01-01T00:00:00
8,2,Nou Barris,46,el Turó de la Peira,164,8040,961,2024-01-01T00:00:00
8,1,Nou Barris,46,el Turó de la Peira,164,8041,1353,2024-01-01T00:00:00
8,2,Nou Barris,46,el Turó de la Peira,164,8041,1271,2024-01-01T00:00:00
8,1,Nou Barris,46,el Turó de la Peira,164,8042,696,2024-01-01T00:00:00
8,2,Nou Barris,46,el Turó de la Peira,164,8042,572,2024-01-01T00:00:00
8,1,Nou Barris,46,el Turó de la Peira,164,8043,615,2024-01-01T00:00:00
8,2,Nou Barris,46,el Turó de la Peira,164,8043,500,2024-01-01T00:00:00
8,1,Nou Barris,46,el Turó de la Peira,165,8044,771,2024-01-01T00:00:00
8,2,Nou Barris,46,el Turó de la Peira,165,8044,660,2024-01-01T00:00:00
8,1,Nou Barris,46,el Turó de la Peira,165,8045,946,2024-01-01T00:00:00
8,2,Nou Barris,46,el Turó de la Peira,165,8045,899,2024-01-01T00:00:00
8,1,Nou Barris,46,el Turó de la Peira,165,8046,867,2024-01-01T00:00:00
8,2,Nou Barris,46,el Turó de la Peira,165,8046,715,2024-01-01T00:00:00
8,1,Nou Barris,46,el Turó de la Peira,165,8047,924,2024-01-01T00:00:00
8,2,Nou Barris,46,el Turó de la Peira,165,8047,780,2024-01-01T00:00:00
8,1,Nou Barris,47,Can Peguera,166,8048,516,2024-01-01T00:00:00
8,2,Nou Barris,47,Can Peguera,166,8048,465,2024-01-01T00:00:00
8,1,Nou Barris,47,Can Peguera,166,8049,625,2024-01-01T00:00:00
8,2,Nou Barris,47,Can Peguera,166,8049,574,2024-01-01T00:00:00
8,1,Nou Barris,48,la Guineueta,167,8050,738,2024-01-01T00:00:00
8,2,Nou Barris,48,la Guineueta,167,8050,635,2024-01-01T00:00:00
8,1,Nou Barris,48,la Guineueta,167,8051,695,2024-01-01T00:00:00
8,2,Nou Barris,48,la Guineueta,167,8051,654,2024-01-01T00:00:00
8,1,Nou Barris,48,la Guineueta,167,8052,493,2024-01-01T00:00:00
8,2,Nou Barris,48,la Guineueta,167,8052,400,2024-01-01T00:00:00
8,1,Nou Barris,48,la Guineueta,167,8053,617,2024-01-01T00:00:00
8,2,Nou Barris,48,la Guineueta,167,8053,514,2024-01-01T00:00:00
8,1,Nou Barris,48,la Guineueta,167,8054,872,2024-01-01T00:00:00
8,2,Nou Barris,48,la Guineueta,167,8054,742,2024-01-01T00:00:00
8,1,Nou Barris,48,la Guineueta,167,8055,911,2024-01-01T00:00:00
8,2,Nou Barris,48,la Guineueta,167,8055,827,2024-01-01T00:00:00
8,1,Nou Barris,48,la Guineueta,167,8215,948,2024-01-01T00:00:00
8,2,Nou Barris,48,la Guineueta,167,8215,679,2024-01-01T00:00:00
8,1,Nou Barris,48,la Guineueta,168,8056,806,2024-01-01T00:00:00
8,2,Nou Barris,48,la Guineueta,168,8056,753,2024-01-01T00:00:00
8,1,Nou Barris,48,la Guineueta,168,8057,719,2024-01-01T00:00:00
8,2,Nou Barris,48,la Guineueta,168,8057,633,2024-01-01T00:00:00
8,1,Nou Barris,48,la Guineueta,168,8058,907,2024-01-01T00:00:00
8,2,Nou Barris,48,la Guineueta,168,8058,790,2024-01-01T00:00:00
8,1,Nou Barris,48,la Guineueta,168,8059,544,2024-01-01T00:00:00
8,2,Nou Barris,48,la Guineueta,168,8059,496,2024-01-01T00:00:00
8,1,Nou Barris,49,Canyelles,169,8060,643,2024-01-01T00:00:00
8,2,Nou Barris,49,Canyelles,169,8060,544,2024-01-01T00:00:00
8,1,Nou Barris,49,Canyelles,169,8061,865,2024-01-01T00:00:00
8,2,Nou Barris,49,Canyelles,169,8061,763,2024-01-01T00:00:00
8,1,Nou Barris,49,Canyelles,169,8062,592,2024-01-01T00:00:00
8,2,Nou Barris,49,Canyelles,169,8062,527,2024-01-01T00:00:00
8,1,Nou Barris,49,Canyelles,169,8063,563,2024-01-01T00:00:00
8,2,Nou Barris,49,Canyelles,169,8063,506,2024-01-01T00:00:00
8,1,Nou Barris,49,Canyelles,169,8064,940,2024-01-01T00:00:00
8,2,Nou Barris,49,Canyelles,169,8064,854,2024-01-01T00:00:00
8,1,Nou Barris,50,les Roquetes,170,8065,885,2024-01-01T00:00:00
8,2,Nou Barris,50,les Roquetes,170,8065,921,2024-01-01T00:00:00
8,1,Nou Barris,50,les Roquetes,170,8066,873,2024-01-01T00:00:00
8,2,Nou Barris,50,les Roquetes,170,8066,813,2024-01-01T00:00:00
8,1,Nou Barris,50,les Roquetes,170,8067,1004,2024-01-01T00:00:00
8,2,Nou Barris,50,les Roquetes,170,8067,902,2024-01-01T00:00:00
8,1,Nou Barris,50,les Roquetes,170,8068,1008,2024-01-01T00:00:00
8,2,Nou Barris,50,les Roquetes,170,8068,902,2024-01-01T00:00:00
8,1,Nou Barris,50,les Roquetes,170,8069,820,2024-01-01T00:00:00
8,2,Nou Barris,50,les Roquetes,170,8069,754,2024-01-01T00:00:00
8,1,Nou Barris,50,les Roquetes,171,8070,808,2024-01-01T00:00:00
8,2,Nou Barris,50,les Roquetes,171,8070,716,2024-01-01T00:00:00
8,1,Nou Barris,50,les Roquetes,171,8071,919,2024-01-01T00:00:00
8,2,Nou Barris,50,les Roquetes,171,8071,863,2024-01-01T00:00:00
8,1,Nou Barris,50,les Roquetes,171,8072,645,2024-01-01T00:00:00
8,2,Nou Barris,50,les Roquetes,171,8072,562,2024-01-01T00:00:00
8,1,Nou Barris,50,les Roquetes,171,8073,1009,2024-01-01T00:00:00
8,2,Nou Barris,50,les Roquetes,171,8073,915,2024-01-01T00:00:00
8,1,Nou Barris,50,les Roquetes,171,8074,823,2024-01-01T00:00:00
8,2,Nou Barris,50,les Roquetes,171,8074,799,2024-01-01T00:00:00
8,1,Nou Barris,51,Verdun,172,8075,1099,2024-01-01T00:00:00
8,2,Nou Barris,51,Verdun,172,8075,886,2024-01-01T00:00:00
8,1,Nou Barris,51,Verdun,172,8076,880,2024-01-01T00:00:00
8,2,Nou Barris,51,Verdun,172,8076,719,2024-01-01T00:00:00
8,1,Nou Barris,51,Verdun,172,8077,771,2024-01-01T00:00:00
8,2,Nou Barris,51,Verdun,172,8077,669,2024-01-01T00:00:00
8,1,Nou Barris,51,Verdun,173,8078,905,2024-01-01T00:00:00
8,2,Nou Barris,51,Verdun,173,8078,781,2024-01-01T00:00:00
8,1,Nou Barris,51,Verdun,173,8079,811,2024-01-01T00:00:00
8,2,Nou Barris,51,Verdun,173,8079,708,2024-01-01T00:00:00
8,1,Nou Barris,51,Verdun,173,8080,840,2024-01-01T00:00:00
8,2,Nou Barris,51,Verdun,173,8080,769,2024-01-01T00:00:00
8,1,Nou Barris,51,Verdun,173,8081,901,2024-01-01T00:00:00
8,2,Nou Barris,51,Verdun,173,8081,785,2024-01-01T00:00:00
8,1,Nou Barris,51,Verdun,173,8082,896,2024-01-01T00:00:00
8,2,Nou Barris,51,Verdun,173,8082,774,2024-01-01T00:00:00
8,1,Nou Barris,52,la Prosperitat,174,8083,705,2024-01-01T00:00:00
8,2,Nou Barris,52,la Prosperitat,174,8083,617,2024-01-01T00:00:00
8,1,Nou Barris,52,la Prosperitat,174,8084,645,2024-01-01T00:00:00
8,2,Nou Barris,52,la Prosperitat,174,8084,494,2024-01-01T00:00:00
8,1,Nou Barris,52,la Prosperitat,174,8085,803,2024-01-01T00:00:00
8,2,Nou Barris,52,la Prosperitat,174,8085,775,2024-01-01T00:00:00
8,1,Nou Barris,52,la Prosperitat,174,8086,925,2024-01-01T00:00:00
8,2,Nou Barris,52,la Prosperitat,174,8086,789,2024-01-01T00:00:00
8,1,Nou Barris,52,la Prosperitat,175,8087,690,2024-01-01T00:00:00
8,2,Nou Barris,52,la Prosperitat,175,8087,595,2024-01-01T00:00:00
8,1,Nou Barris,52,la Prosperitat,175,8088,709,2024-01-01T00:00:00
8,2,Nou Barris,52,la Prosperitat,175,8088,618,2024-01-01T00:00:00
8,1,Nou Barris,52,la Prosperitat,175,8089,646,2024-01-01T00:00:00
8,2,Nou Barris,52,la Prosperitat,175,8089,556,2024-01-01T00:00:00
8,1,Nou Barris,52,la Prosperitat,175,8090,635,2024-01-01T00:00:00
8,2,Nou Barris,52,la Prosperitat,175,8090,611,2024-01-01T00:00:00
8,1,Nou Barris,52,la Prosperitat,175,8091,634,2024-01-01T00:00:00
8,2,Nou Barris,52,la Prosperitat,175,8091,582,2024-01-01T00:00:00
8,1,Nou Barris,52,la Prosperitat,176,8092,525,2024-01-01T00:00:00
8,2,Nou Barris,52,la Prosperitat,176,8092,476,2024-01-01T00:00:00
8,1,Nou Barris,52,la Prosperitat,176,8093,684,2024-01-01T00:00:00
8,2,Nou Barris,52,la Prosperitat,176,8093,636,2024-01-01T00:00:00
8,1,Nou Barris,52,la Prosperitat,176,8094,782,2024-01-01T00:00:00
8,2,Nou Barris,52,la Prosperitat,176,8094,695,2024-01-01T00:00:00
8,1,Nou Barris,52,la Prosperitat,176,8095,580,2024-01-01T00:00:00
8,2,Nou Barris,52,la Prosperitat,176,8095,540,2024-01-01T00:00:00
8,1,Nou Barris,52,la Prosperitat,177,8096,828,2024-01-01T00:00:00
8,2,Nou Barris,52,la Prosperitat,177,8096,722,2024-01-01T00:00:00
8,1,Nou Barris,52,la Prosperitat,177,8097,751,2024-01-01T00:00:00
8,2,Nou Barris,52,la Prosperitat,177,8097,622,2024-01-01T00:00:00
8,1,Nou Barris,52,la Prosperitat,177,8098,693,2024-01-01T00:00:00
8,2,Nou Barris,52,la Prosperitat,177,8098,604,2024-01-01T00:00:00
8,1,Nou Barris,52,la Prosperitat,177,8099,744,2024-01-01T00:00:00
8,2,Nou Barris,52,la Prosperitat,177,8099,732,2024-01-01T00:00:00
8,1,Nou Barris,52,la Prosperitat,177,8100,739,2024-01-01T00:00:00
8,2,Nou Barris,52,la Prosperitat,177,8100,601,2024-01-01T00:00:00
8,1,Nou Barris,52,la Prosperitat,177,8101,909,2024-01-01T00:00:00
8,2,Nou Barris,52,la Prosperitat,177,8101,781,2024-01-01T00:00:00
8,1,Nou Barris,52,la Prosperitat,177,8102,885,2024-01-01T00:00:00
8,2,Nou Barris,52,la Prosperitat,177,8102,733,2024-01-01T00:00:00
8,1,Nou Barris,53,la Trinitat Nova,178,8103,899,2024-01-01T00:00:00
8,2,Nou Barris,53,la Trinitat Nova,178,8103,834,2024-01-01T00:00:00
8,1,Nou Barris,53,la Trinitat Nova,178,8104,698,2024-01-01T00:00:00
8,2,Nou Barris,53,la Trinitat Nova,178,8104,615,2024-01-01T00:00:00
8,1,Nou Barris,53,la Trinitat Nova,178,8105,759,2024-01-01T00:00:00
8,2,Nou Barris,53,la Trinitat Nova,178,8105,692,2024-01-01T00:00:00
8,1,Nou Barris,53,la Trinitat Nova,178,8106,685,2024-01-01T00:00:00
8,2,Nou Barris,53,la Trinitat Nova,178,8106,614,2024-01-01T00:00:00
8,1,Nou Barris,53,la Trinitat Nova,178,8107,996,2024-01-01T00:00:00
8,2,Nou Barris,53,la Trinitat Nova,178,8107,934,2024-01-01T00:00:00
8,1,Nou Barris,54,Torre Baró,179,8108,1106,2024-01-01T00:00:00
8,2,Nou Barris,54,Torre Baró,179,8108,1081,2024-01-01T00:00:00
8,1,Nou Barris,54,Torre Baró,179,8109,471,2024-01-01T00:00:00
8,2,Nou Barris,54,Torre Baró,179,8109,461,2024-01-01T00:00:00
8,1,Nou Barris,55,Ciutat Meridiana,180,8110,1044,2024-01-01T00:00:00
8,2,Nou Barris,55,Ciutat Meridiana,180,8110,980,2024-01-01T00:00:00
8,1,Nou Barris,55,Ciutat Meridiana,180,8111,886,2024-01-01T00:00:00
8,2,Nou Barris,55,Ciutat Meridiana,180,8111,837,2024-01-01T00:00:00
8,1,Nou Barris,55,Ciutat Meridiana,180,8112,883,2024-01-01T00:00:00
8,2,Nou Barris,55,Ciutat Meridiana,180,8112,864,2024-01-01T00:00:00
8,1,Nou Barris,55,Ciutat Meridiana,180,8113,987,2024-01-01T00:00:00
8,2,Nou Barris,55,Ciutat Meridiana,180,8113,900,2024-01-01T00:00:00
8,1,Nou Barris,55,Ciutat Meridiana,180,8114,993,2024-01-01T00:00:00
8,2,Nou Barris,55,Ciutat Meridiana,180,8114,971,2024-01-01T00:00:00
8,1,Nou Barris,55,Ciutat Meridiana,180,8115,875,2024-01-01T00:00:00
8,2,Nou Barris,55,Ciutat Meridiana,180,8115,870,2024-01-01T00:00:00
8,1,Nou Barris,56,Vallbona,181,8116,730,2024-01-01T00:00:00
8,2,Nou Barris,56,Vallbona,181,8116,707,2024-01-01T00:00:00
9,1,Sant Andreu,57,la Trinitat Vella,182,9001,1313,2024-01-01T00:00:00
9,2,Sant Andreu,57,la Trinitat Vella,182,9001,1466,2024-01-01T00:00:00
9,1,Sant Andreu,57,la Trinitat Vella,182,9002,1118,2024-01-01T00:00:00
9,2,Sant Andreu,57,la Trinitat Vella,182,9002,1098,2024-01-01T00:00:00
9,1,Sant Andreu,57,la Trinitat Vella,182,9003,1126,2024-01-01T00:00:00
9,2,Sant Andreu,57,la Trinitat Vella,182,9003,1150,2024-01-01T00:00:00
9,1,Sant Andreu,57,la Trinitat Vella,182,9004,846,2024-01-01T00:00:00
9,2,Sant Andreu,57,la Trinitat Vella,182,9004,861,2024-01-01T00:00:00
9,1,Sant Andreu,57,la Trinitat Vella,182,9005,843,2024-01-01T00:00:00
9,2,Sant Andreu,57,la Trinitat Vella,182,9005,840,2024-01-01T00:00:00
9,1,Sant Andreu,58,Baró de Viver,183,9006,662,2024-01-01T00:00:00
9,2,Sant Andreu,58,Baró de Viver,183,9006,635,2024-01-01T00:00:00
9,1,Sant Andreu,58,Baró de Viver,183,9007,682,2024-01-01T00:00:00
9,2,Sant Andreu,58,Baró de Viver,183,9007,633,2024-01-01T00:00:00
9,1,Sant Andreu,59,el Bon Pastor,184,9008,926,2024-01-01T00:00:00
9,2,Sant Andreu,59,el Bon Pastor,184,9008,937,2024-01-01T00:00:00
9,1,Sant Andreu,59,el Bon Pastor,184,9009,765,2024-01-01T00:00:00
9,2,Sant Andreu,59,el Bon Pastor,184,9009,672,2024-01-01T00:00:00
9,1,Sant Andreu,59,el Bon Pastor,185,9010,958,2024-01-01T00:00:00
9,2,Sant Andreu,59,el Bon Pastor,185,9010,852,2024-01-01T00:00:00
9,1,Sant Andreu,59,el Bon Pastor,185,9011,877,2024-01-01T00:00:00
9,2,Sant Andreu,59,el Bon Pastor,185,9011,836,2024-01-01T00:00:00
9,1,Sant Andreu,59,el Bon Pastor,185,9013,1124,2024-01-01T00:00:00
9,2,Sant Andreu,59,el Bon Pastor,185,9013,1044,2024-01-01T00:00:00
9,1,Sant Andreu,59,el Bon Pastor,185,9014,2121,2024-01-01T00:00:00
9,2,Sant Andreu,59,el Bon Pastor,185,9014,2721,2024-01-01T00:00:00
9,1,Sant Andreu,59,el Bon Pastor,185,9015,1002,2024-01-01T00:00:00
9,2,Sant Andreu,59,el Bon Pastor,185,9015,963,2024-01-01T00:00:00
9,1,Sant Andreu,60,Sant Andreu,186,9016,667,2024-01-01T00:00:00
9,2,Sant Andreu,60,Sant Andreu,186,9016,609,2024-01-01T00:00:00
9,1,Sant Andreu,60,Sant Andreu,186,9017,809,2024-01-01T00:00:00
9,2,Sant Andreu,60,Sant Andreu,186,9017,758,2024-01-01T00:00:00
9,1,Sant Andreu,60,Sant Andreu,186,9018,763,2024-01-01T00:00:00
9,2,Sant Andreu,60,Sant Andreu,186,9018,676,2024-01-01T00:00:00
9,1,Sant Andreu,60,Sant Andreu,186,9019,1380,2024-01-01T00:00:00
9,2,Sant Andreu,60,Sant Andreu,186,9019,1300,2024-01-01T00:00:00
9,1,Sant Andreu,60,Sant Andreu,186,9020,631,2024-01-01T00:00:00
9,2,Sant Andreu,60,Sant Andreu,186,9020,523,2024-01-01T00:00:00
9,1,Sant Andreu,60,Sant Andreu,186,9021,751,2024-01-01T00:00:00
9,2,Sant Andreu,60,Sant Andreu,186,9021,655,2024-01-01T00:00:00
9,1,Sant Andreu,60,Sant Andreu,186,9022,662,2024-01-01T00:00:00
9,2,Sant Andreu,60,Sant Andreu,186,9022,590,2024-01-01T00:00:00
9,1,Sant Andreu,60,Sant Andreu,186,9023,609,2024-01-01T00:00:00
9,2,Sant Andreu,60,Sant Andreu,186,9023,588,2024-01-01T00:00:00
9,1,Sant Andreu,60,Sant Andreu,187,9024,671,2024-01-01T00:00:00
9,2,Sant Andreu,60,Sant Andreu,187,9024,531,2024-01-01T00:00:00
9,1,Sant Andreu,60,Sant Andreu,187,9025,677,2024-01-01T00:00:00
9,2,Sant Andreu,60,Sant Andreu,187,9025,588,2024-01-01T00:00:00
9,1,Sant Andreu,60,Sant Andreu,187,9026,780,2024-01-01T00:00:00
9,2,Sant Andreu,60,Sant Andreu,187,9026,698,2024-01-01T00:00:00
9,1,Sant Andreu,60,Sant Andreu,187,9027,668,2024-01-01T00:00:00
9,2,Sant Andreu,60,Sant Andreu,187,9027,628,2024-01-01T00:00:00
9,1,Sant Andreu,60,Sant Andreu,188,9028,788,2024-01-01T00:00:00
9,2,Sant Andreu,60,Sant Andreu,188,9028,737,2024-01-01T00:00:00
9,1,Sant Andreu,60,Sant Andreu,188,9029,582,2024-01-01T00:00:00
9,2,Sant Andreu,60,Sant Andreu,188,9029,516,2024-01-01T00:00:00
9,1,Sant Andreu,60,Sant Andreu,188,9030,780,2024-01-01T00:00:00
9,2,Sant Andreu,60,Sant Andreu,188,9030,685,2024-01-01T00:00:00
9,1,Sant Andreu,60,Sant Andreu,188,9031,610,2024-01-01T00:00:00
9,2,Sant Andreu,60,Sant Andreu,188,9031,570,2024-01-01T00:00:00
9,1,Sant Andreu,60,Sant Andreu,189,9032,1173,2024-01-01T00:00:00
9,2,Sant Andreu,60,Sant Andreu,189,9032,1037,2024-01-01T00:00:00
9,1,Sant Andreu,60,Sant Andreu,189,9033,1718,2024-01-01T00:00:00
9,2,Sant Andreu,60,Sant Andreu,189,9033,1621,2024-01-01T00:00:00
9,1,Sant Andreu,60,Sant Andreu,190,9034,777,2024-01-01T00:00:00
9,2,Sant Andreu,60,Sant Andreu,190,9034,683,2024-01-01T00:00:00
9,1,Sant Andreu,60,Sant Andreu,190,9035,826,2024-01-01T00:00:00
9,2,Sant Andreu,60,Sant Andreu,190,9035,720,2024-01-01T00:00:00
9,1,Sant Andreu,60,Sant Andreu,190,9036,761,2024-01-01T00:00:00
9,2,Sant Andreu,60,Sant Andreu,190,9036,646,2024-01-01T00:00:00
9,1,Sant Andreu,60,Sant Andreu,190,9037,845,2024-01-01T00:00:00
9,2,Sant Andreu,60,Sant Andreu,190,9037,907,2024-01-01T00:00:00
9,1,Sant Andreu,60,Sant Andreu,190,9038,929,2024-01-01T00:00:00
9,2,Sant Andreu,60,Sant Andreu,190,9038,808,2024-01-01T00:00:00
9,1,Sant Andreu,60,Sant Andreu,190,9039,830,2024-01-01T00:00:00
9,2,Sant Andreu,60,Sant Andreu,190,9039,757,2024-01-01T00:00:00
9,1,Sant Andreu,60,Sant Andreu,191,9040,919,2024-01-01T00:00:00
9,2,Sant Andreu,60,Sant Andreu,191,9040,796,2024-01-01T00:00:00
9,1,Sant Andreu,60,Sant Andreu,191,9041,768,2024-01-01T00:00:00
9,2,Sant Andreu,60,Sant Andreu,191,9041,641,2024-01-01T00:00:00
9,1,Sant Andreu,60,Sant Andreu,191,9042,704,2024-01-01T00:00:00
9,2,Sant Andreu,60,Sant Andreu,191,9042,569,2024-01-01T00:00:00
9,1,Sant Andreu,60,Sant Andreu,191,9043,732,2024-01-01T00:00:00
9,2,Sant Andreu,60,Sant Andreu,191,9043,673,2024-01-01T00:00:00
9,1,Sant Andreu,60,Sant Andreu,191,9044,792,2024-01-01T00:00:00
9,2,Sant Andreu,60,Sant Andreu,191,9044,742,2024-01-01T00:00:00
9,1,Sant Andreu,60,Sant Andreu,191,9045,775,2024-01-01T00:00:00
9,2,Sant Andreu,60,Sant Andreu,191,9045,657,2024-01-01T00:00:00
9,1,Sant Andreu,60,Sant Andreu,192,9046,712,2024-01-01T00:00:00
9,2,Sant Andreu,60,Sant Andreu,192,9046,613,2024-01-01T00:00:00
9,1,Sant Andreu,60,Sant Andreu,192,9047,856,2024-01-01T00:00:00
9,2,Sant Andreu,60,Sant Andreu,192,9047,754,2024-01-01T00:00:00
9,1,Sant Andreu,60,Sant Andreu,192,9048,728,2024-01-01T00:00:00
9,2,Sant Andreu,60,Sant Andreu,192,9048,644,2024-01-01T00:00:00
9,1,Sant Andreu,60,Sant Andreu,192,9049,676,2024-01-01T00:00:00
9,2,Sant Andreu,60,Sant Andreu,192,9049,594,2024-01-01T00:00:00
9,1,Sant Andreu,60,Sant Andreu,192,9050,820,2024-01-01T00:00:00
9,2,Sant Andreu,60,Sant Andreu,192,9050,742,2024-01-01T00:00:00
9,1,Sant Andreu,60,Sant Andreu,192,9051,647,2024-01-01T00:00:00
9,2,Sant Andreu,60,Sant Andreu,192,9051,613,2024-01-01T00:00:00
9,1,Sant Andreu,60,Sant Andreu,192,9052,635,2024-01-01T00:00:00
9,2,Sant Andreu,60,Sant Andreu,192,9052,578,2024-01-01T00:00:00
9,1,Sant Andreu,60,Sant Andreu,192,9053,908,2024-01-01T00:00:00
9,2,Sant Andreu,60,Sant Andreu,192,9053,777,2024-01-01T00:00:00
9,1,Sant Andreu,60,Sant Andreu,192,9054,582,2024-01-01T00:00:00
9,2,Sant Andreu,60,Sant Andreu,192,9054,486,2024-01-01T00:00:00
9,1,Sant Andreu,61,la Sagrera,193,9055,964,2024-01-01T00:00:00
9,2,Sant Andreu,61,la Sagrera,193,9055,868,2024-01-01T00:00:00
9,1,Sant Andreu,61,la Sagrera,193,9056,606,2024-01-01T00:00:00
9,2,Sant Andreu,61,la Sagrera,193,9056,537,2024-01-01T00:00:00
9,1,Sant Andreu,61,la Sagrera,193,9057,912,2024-01-01T00:00:00
9,2,Sant Andreu,61,la Sagrera,193,9057,821,2024-01-01T00:00:00
9,1,Sant Andreu,61,la Sagrera,193,9058,802,2024-01-01T00:00:00
9,2,Sant Andreu,61,la Sagrera,193,9058,742,2024-01-01T00:00:00
9,1,Sant Andreu,61,la Sagrera,193,9059,756,2024-01-01T00:00:00
9,2,Sant Andreu,61,la Sagrera,193,9059,696,2024-01-01T00:00:00
9,1,Sant Andreu,61,la Sagrera,193,9060,753,2024-01-01T00:00:00
9,2,Sant Andreu,61,la Sagrera,193,9060,646,2024-01-01T00:00:00
9,1,Sant Andreu,61,la Sagrera,193,9156,671,2024-01-01T00:00:00
9,2,Sant Andreu,61,la Sagrera,193,9156,578,2024-01-01T00:00:00
9,1,Sant Andreu,61,la Sagrera,194,9061,937,2024-01-01T00:00:00
9,2,Sant Andreu,61,la Sagrera,194,9061,852,2024-01-01T00:00:00
9,1,Sant Andreu,61,la Sagrera,194,9062,834,2024-01-01T00:00:00
9,2,Sant Andreu,61,la Sagrera,194,9062,754,2024-01-01T00:00:00
9,1,Sant Andreu,61,la Sagrera,195,9063,585,2024-01-01T00:00:00
9,2,Sant Andreu,61,la Sagrera,195,9063,551,2024-01-01T00:00:00
9,1,Sant Andreu,61,la Sagrera,195,9064,624,2024-01-01T00:00:00
9,2,Sant Andreu,61,la Sagrera,195,9064,539,2024-01-01T00:00:00
9,1,Sant Andreu,61,la Sagrera,195,9065,1137,2024-01-01T00:00:00
9,2,Sant Andreu,61,la Sagrera,195,9065,964,2024-01-01T00:00:00
9,1,Sant Andreu,61,la Sagrera,195,9066,729,2024-01-01T00:00:00
9,2,Sant Andreu,61,la Sagrera,195,9066,671,2024-01-01T00:00:00
9,1,Sant Andreu,61,la Sagrera,195,9067,815,2024-01-01T00:00:00
9,2,Sant Andreu,61,la Sagrera,195,9067,719,2024-01-01T00:00:00
9,1,Sant Andreu,61,la Sagrera,196,9068,811,2024-01-01T00:00:00
9,2,Sant Andreu,61,la Sagrera,196,9068,761,2024-01-01T00:00:00
9,1,Sant Andreu,61,la Sagrera,196,9069,546,2024-01-01T00:00:00
9,2,Sant Andreu,61,la Sagrera,196,9069,449,2024-01-01T00:00:00
9,1,Sant Andreu,61,la Sagrera,196,9070,964,2024-01-01T00:00:00
9,2,Sant Andreu,61,la Sagrera,196,9070,852,2024-01-01T00:00:00
9,1,Sant Andreu,61,la Sagrera,196,9071,1044,2024-01-01T00:00:00
9,2,Sant Andreu,61,la Sagrera,196,9071,894,2024-01-01T00:00:00
9,1,Sant Andreu,61,la Sagrera,196,9072,831,2024-01-01T00:00:00
9,2,Sant Andreu,61,la Sagrera,196,9072,692,2024-01-01T00:00:00
9,1,Sant Andreu,61,la Sagrera,196,9073,780,2024-01-01T00:00:00
9,2,Sant Andreu,61,la Sagrera,196,9073,705,2024-01-01T00:00:00
9,1,Sant Andreu,62,el Congrés i els Indians,197,9074,921,2024-01-01T00:00:00
9,2,Sant Andreu,62,el Congrés i els Indians,197,9074,831,2024-01-01T00:00:00
9,1,Sant Andreu,62,el Congrés i els Indians,197,9075,815,2024-01-01T00:00:00
9,2,Sant Andreu,62,el Congrés i els Indians,197,9075,776,2024-01-01T00:00:00
9,1,Sant Andreu,62,el Congrés i els Indians,197,9076,794,2024-01-01T00:00:00
9,2,Sant Andreu,62,el Congrés i els Indians,197,9076,691,2024-01-01T00:00:00
9,1,Sant Andreu,62,el Congrés i els Indians,197,9077,884,2024-01-01T00:00:00
9,2,Sant Andreu,62,el Congrés i els Indians,197,9077,766,2024-01-01T00:00:00
9,1,Sant Andreu,62,el Congrés i els Indians,198,9078,800,2024-01-01T00:00:00
9,2,Sant Andreu,62,el Congrés i els Indians,198,9078,697,2024-01-01T00:00:00
9,1,Sant Andreu,62,el Congrés i els Indians,198,9079,897,2024-01-01T00:00:00
9,2,Sant Andreu,62,el Congrés i els Indians,198,9079,791,2024-01-01T00:00:00
9,1,Sant Andreu,62,el Congrés i els Indians,198,9080,714,2024-01-01T00:00:00
9,2,Sant Andreu,62,el Congrés i els Indians,198,9080,659,2024-01-01T00:00:00
9,1,Sant Andreu,62,el Congrés i els Indians,198,9081,967,2024-01-01T00:00:00
9,2,Sant Andreu,62,el Congrés i els Indians,198,9081,843,2024-01-01T00:00:00
9,1,Sant Andreu,62,el Congrés i els Indians,198,9082,1083,2024-01-01T00:00:00
9,2,Sant Andreu,62,el Congrés i els Indians,198,9082,1016,2024-01-01T00:00:00
9,1,Sant Andreu,63,Navas,199,9083,905,2024-01-01T00:00:00
9,2,Sant Andreu,63,Navas,199,9083,781,2024-01-01T00:00:00
9,1,Sant Andreu,63,Navas,199,9084,914,2024-01-01T00:00:00
9,2,Sant Andreu,63,Navas,199,9084,819,2024-01-01T00:00:00
9,1,Sant Andreu,63,Navas,199,9085,966,2024-01-01T00:00:00
9,2,Sant Andreu,63,Navas,199,9085,809,2024-01-01T00:00:00
9,1,Sant Andreu,63,Navas,199,9086,800,2024-01-01T00:00:00
9,2,Sant Andreu,63,Navas,199,9086,719,2024-01-01T00:00:00
9,1,Sant Andreu,63,Navas,199,9087,666,2024-01-01T00:00:00
9,2,Sant Andreu,63,Navas,199,9087,629,2024-01-01T00:00:00
9,1,Sant Andreu,63,Navas,199,9088,1068,2024-01-01T00:00:00
9,2,Sant Andreu,63,Navas,199,9088,894,2024-01-01T00:00:00
9,1,Sant Andreu,63,Navas,199,9089,829,2024-01-01T00:00:00
9,2,Sant Andreu,63,Navas,199,9089,687,2024-01-01T00:00:00
9,1,Sant Andreu,63,Navas,200,9090,827,2024-01-01T00:00:00
9,2,Sant Andreu,63,Navas,200,9090,744,2024-01-01T00:00:00
9,1,Sant Andreu,63,Navas,200,9091,996,2024-01-01T00:00:00
9,2,Sant Andreu,63,Navas,200,9091,867,2024-01-01T00:00:00
9,1,Sant Andreu,63,Navas,200,9092,995,2024-01-01T00:00:00
9,2,Sant Andreu,63,Navas,200,9092,916,2024-01-01T00:00:00
9,1,Sant Andreu,63,Navas,200,9093,693,2024-01-01T00:00:00
9,2,Sant Andreu,63,Navas,200,9093,633,2024-01-01T00:00:00
9,1,Sant Andreu,63,Navas,200,9094,1077,2024-01-01T00:00:00
9,2,Sant Andreu,63,Navas,200,9094,985,2024-01-01T00:00:00
9,1,Sant Andreu,63,Navas,200,9095,1146,2024-01-01T00:00:00
9,2,Sant Andreu,63,Navas,200,9095,1046,2024-01-01T00:00:00
10,1,Sant Martí,64,el Camp de l'Arpa del Clot,201,10001,831,2024-01-01T00:00:00
10,2,Sant Martí,64,el Camp de l'Arpa del Clot,201,10001,790,2024-01-01T00:00:00
10,1,Sant Martí,64,el Camp de l'Arpa del Clot,201,10002,966,2024-01-01T00:00:00
10,2,Sant Martí,64,el Camp de l'Arpa del Clot,201,10002,928,2024-01-01T00:00:00
10,1,Sant Martí,64,el Camp de l'Arpa del Clot,201,10003,846,2024-01-01T00:00:00
10,2,Sant Martí,64,el Camp de l'Arpa del Clot,201,10003,754,2024-01-01T00:00:00
10,1,Sant Martí,64,el Camp de l'Arpa del Clot,201,10004,864,2024-01-01T00:00:00
10,2,Sant Martí,64,el Camp de l'Arpa del Clot,201,10004,748,2024-01-01T00:00:00
10,1,Sant Martí,64,el Camp de l'Arpa del Clot,201,10005,877,2024-01-01T00:00:00
10,2,Sant Martí,64,el Camp de l'Arpa del Clot,201,10005,737,2024-01-01T00:00:00
10,1,Sant Martí,64,el Camp de l'Arpa del Clot,202,10006,1001,2024-01-01T00:00:00
10,2,Sant Martí,64,el Camp de l'Arpa del Clot,202,10006,855,2024-01-01T00:00:00
10,1,Sant Martí,64,el Camp de l'Arpa del Clot,202,10007,687,2024-01-01T00:00:00
10,2,Sant Martí,64,el Camp de l'Arpa del Clot,202,10007,638,2024-01-01T00:00:00
10,1,Sant Martí,64,el Camp de l'Arpa del Clot,202,10008,955,2024-01-01T00:00:00
10,2,Sant Martí,64,el Camp de l'Arpa del Clot,202,10008,790,2024-01-01T00:00:00
10,1,Sant Martí,64,el Camp de l'Arpa del Clot,202,10009,894,2024-01-01T00:00:00
10,2,Sant Martí,64,el Camp de l'Arpa del Clot,202,10009,797,2024-01-01T00:00:00
10,1,Sant Martí,64,el Camp de l'Arpa del Clot,202,10010,966,2024-01-01T00:00:00
10,2,Sant Martí,64,el Camp de l'Arpa del Clot,202,10010,816,2024-01-01T00:00:00
10,1,Sant Martí,64,el Camp de l'Arpa del Clot,202,10011,664,2024-01-01T00:00:00
10,2,Sant Martí,64,el Camp de l'Arpa del Clot,202,10011,555,2024-01-01T00:00:00
10,1,Sant Martí,64,el Camp de l'Arpa del Clot,203,10012,936,2024-01-01T00:00:00
10,2,Sant Martí,64,el Camp de l'Arpa del Clot,203,10012,842,2024-01-01T00:00:00
10,1,Sant Martí,64,el Camp de l'Arpa del Clot,203,10013,751,2024-01-01T00:00:00
10,2,Sant Martí,64,el Camp de l'Arpa del Clot,203,10013,661,2024-01-01T00:00:00
10,1,Sant Martí,64,el Camp de l'Arpa del Clot,203,10014,778,2024-01-01T00:00:00
10,2,Sant Martí,64,el Camp de l'Arpa del Clot,203,10014,685,2024-01-01T00:00:00
10,1,Sant Martí,64,el Camp de l'Arpa del Clot,203,10015,1030,2024-01-01T00:00:00
10,2,Sant Martí,64,el Camp de l'Arpa del Clot,203,10015,962,2024-01-01T00:00:00
10,1,Sant Martí,64,el Camp de l'Arpa del Clot,203,10016,623,2024-01-01T00:00:00
10,2,Sant Martí,64,el Camp de l'Arpa del Clot,203,10016,602,2024-01-01T00:00:00
10,1,Sant Martí,64,el Camp de l'Arpa del Clot,203,10017,915,2024-01-01T00:00:00
10,2,Sant Martí,64,el Camp de l'Arpa del Clot,203,10017,763,2024-01-01T00:00:00
10,1,Sant Martí,64,el Camp de l'Arpa del Clot,203,10018,767,2024-01-01T00:00:00
10,2,Sant Martí,64,el Camp de l'Arpa del Clot,203,10018,666,2024-01-01T00:00:00
10,1,Sant Martí,64,el Camp de l'Arpa del Clot,204,10019,858,2024-01-01T00:00:00
10,2,Sant Martí,64,el Camp de l'Arpa del Clot,204,10019,747,2024-01-01T00:00:00
10,1,Sant Martí,64,el Camp de l'Arpa del Clot,204,10020,771,2024-01-01T00:00:00
10,2,Sant Martí,64,el Camp de l'Arpa del Clot,204,10020,704,2024-01-01T00:00:00
10,1,Sant Martí,64,el Camp de l'Arpa del Clot,204,10021,691,2024-01-01T00:00:00
10,2,Sant Martí,64,el Camp de l'Arpa del Clot,204,10021,636,2024-01-01T00:00:00
10,1,Sant Martí,64,el Camp de l'Arpa del Clot,204,10022,716,2024-01-01T00:00:00
10,2,Sant Martí,64,el Camp de l'Arpa del Clot,204,10022,644,2024-01-01T00:00:00
10,1,Sant Martí,64,el Camp de l'Arpa del Clot,204,10023,779,2024-01-01T00:00:00
10,2,Sant Martí,64,el Camp de l'Arpa del Clot,204,10023,666,2024-01-01T00:00:00
10,1,Sant Martí,64,el Camp de l'Arpa del Clot,204,10024,816,2024-01-01T00:00:00
10,2,Sant Martí,64,el Camp de l'Arpa del Clot,204,10024,747,2024-01-01T00:00:00
10,1,Sant Martí,64,el Camp de l'Arpa del Clot,204,10025,752,2024-01-01T00:00:00
10,2,Sant Martí,64,el Camp de l'Arpa del Clot,204,10025,593,2024-01-01T00:00:00
10,1,Sant Martí,65,el Clot,205,10026,868,2024-01-01T00:00:00
10,2,Sant Martí,65,el Clot,205,10026,830,2024-01-01T00:00:00
10,1,Sant Martí,65,el Clot,205,10027,832,2024-01-01T00:00:00
10,2,Sant Martí,65,el Clot,205,10027,728,2024-01-01T00:00:00
10,1,Sant Martí,65,el Clot,205,10028,917,2024-01-01T00:00:00
10,2,Sant Martí,65,el Clot,205,10028,855,2024-01-01T00:00:00
10,1,Sant Martí,65,el Clot,205,10029,747,2024-01-01T00:00:00
10,2,Sant Martí,65,el Clot,205,10029,701,2024-01-01T00:00:00
10,1,Sant Martí,65,el Clot,205,10030,942,2024-01-01T00:00:00
10,2,Sant Martí,65,el Clot,205,10030,814,2024-01-01T00:00:00
10,1,Sant Martí,65,el Clot,205,10031,784,2024-01-01T00:00:00
10,2,Sant Martí,65,el Clot,205,10031,729,2024-01-01T00:00:00
10,1,Sant Martí,65,el Clot,206,10032,712,2024-01-01T00:00:00
10,2,Sant Martí,65,el Clot,206,10032,636,2024-01-01T00:00:00
10,1,Sant Martí,65,el Clot,206,10033,471,2024-01-01T00:00:00
10,2,Sant Martí,65,el Clot,206,10033,396,2024-01-01T00:00:00
10,1,Sant Martí,65,el Clot,206,10034,861,2024-01-01T00:00:00
10,2,Sant Martí,65,el Clot,206,10034,777,2024-01-01T00:00:00
10,1,Sant Martí,65,el Clot,206,10035,976,2024-01-01T00:00:00
10,2,Sant Martí,65,el Clot,206,10035,935,2024-01-01T00:00:00
10,1,Sant Martí,65,el Clot,206,10036,719,2024-01-01T00:00:00
10,2,Sant Martí,65,el Clot,206,10036,704,2024-01-01T00:00:00
10,1,Sant Martí,65,el Clot,206,10037,543,2024-01-01T00:00:00
10,2,Sant Martí,65,el Clot,206,10037,502,2024-01-01T00:00:00
10,1,Sant Martí,65,el Clot,206,10234,975,2024-01-01T00:00:00
10,2,Sant Martí,65,el Clot,206,10234,799,2024-01-01T00:00:00
10,1,Sant Martí,65,el Clot,207,10038,899,2024-01-01T00:00:00
10,2,Sant Martí,65,el Clot,207,10038,794,2024-01-01T00:00:00
10,1,Sant Martí,65,el Clot,207,10039,997,2024-01-01T00:00:00
10,2,Sant Martí,65,el Clot,207,10039,888,2024-01-01T00:00:00
10,1,Sant Martí,65,el Clot,207,10040,952,2024-01-01T00:00:00
10,2,Sant Martí,65,el Clot,207,10040,895,2024-01-01T00:00:00
10,1,Sant Martí,65,el Clot,207,10041,834,2024-01-01T00:00:00
10,2,Sant Martí,65,el Clot,207,10041,755,2024-01-01T00:00:00
10,1,Sant Martí,66,el Parc i la Llacuna del Poblenou,208,10042,1873,2024-01-01T00:00:00
10,2,Sant Martí,66,el Parc i la Llacuna del Poblenou,208,10042,1724,2024-01-01T00:00:00
10,1,Sant Martí,66,el Parc i la Llacuna del Poblenou,208,10043,1610,2024-01-01T00:00:00
10,2,Sant Martí,66,el Parc i la Llacuna del Poblenou,208,10043,1602,2024-01-01T00:00:00
10,1,Sant Martí,66,el Parc i la Llacuna del Poblenou,209,10044,832,2024-01-01T00:00:00
10,2,Sant Martí,66,el Parc i la Llacuna del Poblenou,209,10044,765,2024-01-01T00:00:00
10,1,Sant Martí,66,el Parc i la Llacuna del Poblenou,209,10045,680,2024-01-01T00:00:00
10,2,Sant Martí,66,el Parc i la Llacuna del Poblenou,209,10045,601,2024-01-01T00:00:00
10,1,Sant Martí,66,el Parc i la Llacuna del Poblenou,209,10046,680,2024-01-01T00:00:00
10,2,Sant Martí,66,el Parc i la Llacuna del Poblenou,209,10046,561,2024-01-01T00:00:00
10,1,Sant Martí,66,el Parc i la Llacuna del Poblenou,209,10047,859,2024-01-01T00:00:00
10,2,Sant Martí,66,el Parc i la Llacuna del Poblenou,209,10047,801,2024-01-01T00:00:00
10,1,Sant Martí,66,el Parc i la Llacuna del Poblenou,209,10048,820,2024-01-01T00:00:00
10,1,Sant Martí,68,el Poblenou,213,10061,927,2024-01-01T00:00:00
10,2,Sant Martí,66,el Parc i la Llacuna del Poblenou,209,10048,797,2024-01-01T00:00:00
10,1,Sant Martí,66,el Parc i la Llacuna del Poblenou,209,10049,649,2024-01-01T00:00:00
10,2,Sant Martí,66,el Parc i la Llacuna del Poblenou,209,10049,637,2024-01-01T00:00:00
10,1,Sant Martí,66,el Parc i la Llacuna del Poblenou,209,10050,840,2024-01-01T00:00:00
10,2,Sant Martí,66,el Parc i la Llacuna del Poblenou,209,10050,708,2024-01-01T00:00:00
10,1,Sant Martí,67,la Vila Olímpica del Poblenou,210,10051,846,2024-01-01T00:00:00
10,2,Sant Martí,67,la Vila Olímpica del Poblenou,210,10051,822,2024-01-01T00:00:00
10,1,Sant Martí,67,la Vila Olímpica del Poblenou,210,10052,1206,2024-01-01T00:00:00
10,2,Sant Martí,67,la Vila Olímpica del Poblenou,210,10052,1216,2024-01-01T00:00:00
10,1,Sant Martí,67,la Vila Olímpica del Poblenou,210,10053,885,2024-01-01T00:00:00
10,2,Sant Martí,67,la Vila Olímpica del Poblenou,210,10053,830,2024-01-01T00:00:00
10,1,Sant Martí,67,la Vila Olímpica del Poblenou,210,10054,488,2024-01-01T00:00:00
10,2,Sant Martí,67,la Vila Olímpica del Poblenou,210,10054,467,2024-01-01T00:00:00
10,1,Sant Martí,67,la Vila Olímpica del Poblenou,211,10055,1317,2024-01-01T00:00:00
10,2,Sant Martí,67,la Vila Olímpica del Poblenou,211,10055,1289,2024-01-01T00:00:00
10,1,Sant Martí,68,el Poblenou,212,10056,919,2024-01-01T00:00:00
10,2,Sant Martí,68,el Poblenou,212,10056,901,2024-01-01T00:00:00
10,1,Sant Martí,68,el Poblenou,212,10057,717,2024-01-01T00:00:00
10,2,Sant Martí,68,el Poblenou,212,10057,684,2024-01-01T00:00:00
10,1,Sant Martí,68,el Poblenou,212,10058,589,2024-01-01T00:00:00
10,2,Sant Martí,68,el Poblenou,212,10058,580,2024-01-01T00:00:00
10,1,Sant Martí,68,el Poblenou,213,10059,986,2024-01-01T00:00:00
10,2,Sant Martí,68,el Poblenou,213,10059,888,2024-01-01T00:00:00
10,1,Sant Martí,68,el Poblenou,213,10060,876,2024-01-01T00:00:00
10,2,Sant Martí,68,el Poblenou,213,10060,862,2024-01-01T00:00:00
10,2,Sant Martí,68,el Poblenou,213,10061,819,2024-01-01T00:00:00
10,1,Sant Martí,68,el Poblenou,213,10062,809,2024-01-01T00:00:00
10,2,Sant Martí,68,el Poblenou,213,10062,731,2024-01-01T00:00:00
10,1,Sant Martí,68,el Poblenou,214,10063,697,2024-01-01T00:00:00
10,2,Sant Martí,68,el Poblenou,214,10063,635,2024-01-01T00:00:00
10,1,Sant Martí,68,el Poblenou,214,10064,885,2024-01-01T00:00:00
10,2,Sant Martí,68,el Poblenou,214,10064,789,2024-01-01T00:00:00
10,1,Sant Martí,68,el Poblenou,214,10065,805,2024-01-01T00:00:00
10,2,Sant Martí,68,el Poblenou,214,10065,758,2024-01-01T00:00:00
10,1,Sant Martí,68,el Poblenou,214,10066,1055,2024-01-01T00:00:00
10,2,Sant Martí,68,el Poblenou,214,10066,995,2024-01-01T00:00:00
10,1,Sant Martí,68,el Poblenou,214,10067,993,2024-01-01T00:00:00
10,2,Sant Martí,68,el Poblenou,214,10067,911,2024-01-01T00:00:00
10,1,Sant Martí,68,el Poblenou,214,10068,806,2024-01-01T00:00:00
10,2,Sant Martí,68,el Poblenou,214,10068,783,2024-01-01T00:00:00
10,1,Sant Martí,68,el Poblenou,215,10069,1502,2024-01-01T00:00:00
10,2,Sant Martí,68,el Poblenou,215,10069,1379,2024-01-01T00:00:00
10,1,Sant Martí,68,el Poblenou,215,10070,894,2024-01-01T00:00:00
10,2,Sant Martí,68,el Poblenou,215,10070,776,2024-01-01T00:00:00
10,1,Sant Martí,68,el Poblenou,215,10071,913,2024-01-01T00:00:00
10,2,Sant Martí,68,el Poblenou,215,10071,886,2024-01-01T00:00:00
10,1,Sant Martí,68,el Poblenou,215,10072,1054,2024-01-01T00:00:00
10,2,Sant Martí,68,el Poblenou,215,10072,1008,2024-01-01T00:00:00
10,1,Sant Martí,68,el Poblenou,215,10073,766,2024-01-01T00:00:00
10,2,Sant Martí,68,el Poblenou,215,10073,679,2024-01-01T00:00:00
10,1,Sant Martí,68,el Poblenou,215,10074,910,2024-01-01T00:00:00
10,2,Sant Martí,68,el Poblenou,215,10074,875,2024-01-01T00:00:00
10,1,Sant Martí,68,el Poblenou,215,10075,793,2024-01-01T00:00:00
10,2,Sant Martí,68,el Poblenou,215,10075,728,2024-01-01T00:00:00
10,1,Sant Martí,69,Diagonal Mar i el Front Marítim del Poblenou,216,10076,1171,2024-01-01T00:00:00
10,2,Sant Martí,69,Diagonal Mar i el Front Marítim del Poblenou,216,10076,1102,2024-01-01T00:00:00
10,1,Sant Martí,69,Diagonal Mar i el Front Marítim del Poblenou,216,10235,693,2024-01-01T00:00:00
10,2,Sant Martí,69,Diagonal Mar i el Front Marítim del Poblenou,216,10235,605,2024-01-01T00:00:00
10,1,Sant Martí,69,Diagonal Mar i el Front Marítim del Poblenou,216,10236,847,2024-01-01T00:00:00
10,2,Sant Martí,69,Diagonal Mar i el Front Marítim del Poblenou,216,10236,745,2024-01-01T00:00:00
10,1,Sant Martí,69,Diagonal Mar i el Front Marítim del Poblenou,217,10077,910,2024-01-01T00:00:00
10,2,Sant Martí,69,Diagonal Mar i el Front Marítim del Poblenou,217,10077,915,2024-01-01T00:00:00
10,1,Sant Martí,69,Diagonal Mar i el Front Marítim del Poblenou,217,10078,1224,2024-01-01T00:00:00
10,2,Sant Martí,69,Diagonal Mar i el Front Marítim del Poblenou,217,10078,1219,2024-01-01T00:00:00
10,1,Sant Martí,69,Diagonal Mar i el Front Marítim del Poblenou,217,10079,874,2024-01-01T00:00:00
10,2,Sant Martí,69,Diagonal Mar i el Front Marítim del Poblenou,217,10079,806,2024-01-01T00:00:00
10,1,Sant Martí,69,Diagonal Mar i el Front Marítim del Poblenou,218,10080,1205,2024-01-01T00:00:00
10,2,Sant Martí,69,Diagonal Mar i el Front Marítim del Poblenou,218,10080,1178,2024-01-01T00:00:00
10,1,Sant Martí,70,el Besòs i el Maresme,219,10081,1136,2024-01-01T00:00:00
10,2,Sant Martí,70,el Besòs i el Maresme,219,10081,1113,2024-01-01T00:00:00
10,1,Sant Martí,70,el Besòs i el Maresme,219,10082,1050,2024-01-01T00:00:00
10,2,Sant Martí,70,el Besòs i el Maresme,219,10082,1104,2024-01-01T00:00:00
10,1,Sant Martí,70,el Besòs i el Maresme,219,10083,1047,2024-01-01T00:00:00
10,2,Sant Martí,70,el Besòs i el Maresme,219,10083,1220,2024-01-01T00:00:00
10,1,Sant Martí,70,el Besòs i el Maresme,219,10084,824,2024-01-01T00:00:00
10,2,Sant Martí,70,el Besòs i el Maresme,219,10084,850,2024-01-01T00:00:00
10,1,Sant Martí,70,el Besòs i el Maresme,220,10085,1019,2024-01-01T00:00:00
10,2,Sant Martí,70,el Besòs i el Maresme,220,10085,1109,2024-01-01T00:00:00
10,1,Sant Martí,70,el Besòs i el Maresme,220,10086,1007,2024-01-01T00:00:00
10,2,Sant Martí,70,el Besòs i el Maresme,220,10086,1016,2024-01-01T00:00:00
10,1,Sant Martí,70,el Besòs i el Maresme,220,10087,943,2024-01-01T00:00:00
10,2,Sant Martí,70,el Besòs i el Maresme,220,10087,933,2024-01-01T00:00:00
10,1,Sant Martí,70,el Besòs i el Maresme,220,10088,856,2024-01-01T00:00:00
10,2,Sant Martí,70,el Besòs i el Maresme,220,10088,820,2024-01-01T00:00:00
10,1,Sant Martí,70,el Besòs i el Maresme,221,10089,2913,2024-01-01T00:00:00
10,2,Sant Martí,70,el Besòs i el Maresme,221,10089,4992,2024-01-01T00:00:00
10,1,Sant Martí,70,el Besòs i el Maresme,222,10090,767,2024-01-01T00:00:00
10,2,Sant Martí,70,el Besòs i el Maresme,222,10090,724,2024-01-01T00:00:00
10,1,Sant Martí,70,el Besòs i el Maresme,222,10091,1009,2024-01-01T00:00:00
10,2,Sant Martí,70,el Besòs i el Maresme,222,10091,1019,2024-01-01T00:00:00
10,1,Sant Martí,70,el Besòs i el Maresme,222,10092,773,2024-01-01T00:00:00
10,2,Sant Martí,70,el Besòs i el Maresme,222,10092,681,2024-01-01T00:00:00
10,1,Sant Martí,70,el Besòs i el Maresme,222,10093,797,2024-01-01T00:00:00
10,2,Sant Martí,70,el Besòs i el Maresme,222,10093,763,2024-01-01T00:00:00
10,1,Sant Martí,71,Provençals del Poblenou,223,10094,1655,2024-01-01T00:00:00
10,2,Sant Martí,71,Provençals del Poblenou,223,10094,1682,2024-01-01T00:00:00
10,1,Sant Martí,71,Provençals del Poblenou,223,10095,682,2024-01-01T00:00:00
10,2,Sant Martí,71,Provençals del Poblenou,223,10095,664,2024-01-01T00:00:00
10,1,Sant Martí,71,Provençals del Poblenou,224,10096,911,2024-01-01T00:00:00
10,2,Sant Martí,71,Provençals del Poblenou,224,10096,790,2024-01-01T00:00:00
10,1,Sant Martí,71,Provençals del Poblenou,224,10097,846,2024-01-01T00:00:00
10,2,Sant Martí,71,Provençals del Poblenou,224,10097,757,2024-01-01T00:00:00
10,1,Sant Martí,71,Provençals del Poblenou,224,10098,912,2024-01-01T00:00:00
10,2,Sant Martí,71,Provençals del Poblenou,224,10098,813,2024-01-01T00:00:00
10,1,Sant Martí,71,Provençals del Poblenou,224,10099,583,2024-01-01T00:00:00
10,2,Sant Martí,71,Provençals del Poblenou,224,10099,524,2024-01-01T00:00:00
10,1,Sant Martí,71,Provençals del Poblenou,224,10100,891,2024-01-01T00:00:00
10,2,Sant Martí,71,Provençals del Poblenou,224,10100,801,2024-01-01T00:00:00
10,1,Sant Martí,71,Provençals del Poblenou,225,10101,868,2024-01-01T00:00:00
10,2,Sant Martí,71,Provençals del Poblenou,225,10101,891,2024-01-01T00:00:00
10,1,Sant Martí,71,Provençals del Poblenou,225,10102,1360,2024-01-01T00:00:00
10,2,Sant Martí,71,Provençals del Poblenou,225,10102,1257,2024-01-01T00:00:00
10,1,Sant Martí,71,Provençals del Poblenou,225,10103,1129,2024-01-01T00:00:00
10,2,Sant Martí,71,Provençals del Poblenou,225,10103,1026,2024-01-01T00:00:00
10,1,Sant Martí,71,Provençals del Poblenou,225,10104,832,2024-01-01T00:00:00
10,2,Sant Martí,71,Provençals del Poblenou,225,10104,751,2024-01-01T00:00:00
10,1,Sant Martí,71,Provençals del Poblenou,225,10237,489,2024-01-01T00:00:00
10,2,Sant Martí,71,Provençals del Poblenou,225,10237,398,2024-01-01T00:00:00
10,1,Sant Martí,72,Sant Martí de Provençals,226,10105,1141,2024-01-01T00:00:00
10,2,Sant Martí,72,Sant Martí de Provençals,226,10105,1006,2024-01-01T00:00:00
10,1,Sant Martí,72,Sant Martí de Provençals,226,10106,553,2024-01-01T00:00:00
10,2,Sant Martí,72,Sant Martí de Provençals,226,10106,482,2024-01-01T00:00:00
10,1,Sant Martí,72,Sant Martí de Provençals,226,10107,806,2024-01-01T00:00:00
10,2,Sant Martí,72,Sant Martí de Provençals,226,10107,716,2024-01-01T00:00:00
10,1,Sant Martí,72,Sant Martí de Provençals,226,10108,718,2024-01-01T00:00:00
10,2,Sant Martí,72,Sant Martí de Provençals,226,10108,620,2024-01-01T00:00:00
10,1,Sant Martí,72,Sant Martí de Provençals,226,10109,857,2024-01-01T00:00:00
10,2,Sant Martí,72,Sant Martí de Provençals,226,10109,780,2024-01-01T00:00:00
10,1,Sant Martí,72,Sant Martí de Provençals,226,10110,1065,2024-01-01T00:00:00
10,2,Sant Martí,72,Sant Martí de Provençals,226,10110,897,2024-01-01T00:00:00
10,1,Sant Martí,72,Sant Martí de Provençals,227,10111,687,2024-01-01T00:00:00
10,2,Sant Martí,72,Sant Martí de Provençals,227,10111,620,2024-01-01T00:00:00
10,1,Sant Martí,72,Sant Martí de Provençals,227,10112,784,2024-01-01T00:00:00
10,2,Sant Martí,72,Sant Martí de Provençals,227,10112,708,2024-01-01T00:00:00
10,1,Sant Martí,72,Sant Martí de Provençals,227,10113,640,2024-01-01T00:00:00
10,2,Sant Martí,72,Sant Martí de Provençals,227,10113,606,2024-01-01T00:00:00
10,1,Sant Martí,72,Sant Martí de Provençals,227,10114,812,2024-01-01T00:00:00
10,2,Sant Martí,72,Sant Martí de Provençals,227,10114,750,2024-01-01T00:00:00
10,1,Sant Martí,72,Sant Martí de Provençals,228,10115,772,2024-01-01T00:00:00
10,2,Sant Martí,72,Sant Martí de Provençals,228,10115,644,2024-01-01T00:00:00
10,1,Sant Martí,72,Sant Martí de Provençals,228,10116,1005,2024-01-01T00:00:00
10,2,Sant Martí,72,Sant Martí de Provençals,228,10116,857,2024-01-01T00:00:00
10,1,Sant Martí,72,Sant Martí de Provençals,228,10117,679,2024-01-01T00:00:00
10,2,Sant Martí,72,Sant Martí de Provençals,228,10117,596,2024-01-01T00:00:00
10,1,Sant Martí,72,Sant Martí de Provençals,228,10118,517,2024-01-01T00:00:00
10,2,Sant Martí,72,Sant Martí de Provençals,228,10118,477,2024-01-01T00:00:00
10,1,Sant Martí,72,Sant Martí de Provençals,228,10119,613,2024-01-01T00:00:00
10,2,Sant Martí,72,Sant Martí de Provençals,228,10119,528,2024-01-01T00:00:00
10,1,Sant Martí,72,Sant Martí de Provençals,229,10120,833,2024-01-01T00:00:00
10,2,Sant Martí,72,Sant Martí de Provençals,229,10120,718,2024-01-01T00:00:00
10,1,Sant Martí,72,Sant Martí de Provençals,229,10121,842,2024-01-01T00:00:00
10,2,Sant Martí,72,Sant Martí de Provençals,229,10121,781,2024-01-01T00:00:00
10,1,Sant Martí,72,Sant Martí de Provençals,229,10122,779,2024-01-01T00:00:00
10,2,Sant Martí,72,Sant Martí de Provençals,229,10122,686,2024-01-01T00:00:00
10,1,Sant Martí,73,la Verneda i la Pau,230,10123,697,2024-01-01T00:00:00
10,2,Sant Martí,73,la Verneda i la Pau,230,10123,651,2024-01-01T00:00:00
10,1,Sant Martí,73,la Verneda i la Pau,230,10124,554,2024-01-01T00:00:00
10,2,Sant Martí,73,la Verneda i la Pau,230,10124,501,2024-01-01T00:00:00
10,1,Sant Martí,73,la Verneda i la Pau,230,10125,577,2024-01-01T00:00:00
10,2,Sant Martí,73,la Verneda i la Pau,230,10125,527,2024-01-01T00:00:00
10,1,Sant Martí,73,la Verneda i la Pau,230,10126,540,2024-01-01T00:00:00
10,2,Sant Martí,73,la Verneda i la Pau,230,10126,490,2024-01-01T00:00:00
10,1,Sant Martí,73,la Verneda i la Pau,230,10127,521,2024-01-01T00:00:00
10,2,Sant Martí,73,la Verneda i la Pau,230,10127,502,2024-01-01T00:00:00
10,1,Sant Martí,73,la Verneda i la Pau,230,10128,831,2024-01-01T00:00:00
10,2,Sant Martí,73,la Verneda i la Pau,230,10128,710,2024-01-01T00:00:00
10,1,Sant Martí,73,la Verneda i la Pau,230,10129,580,2024-01-01T00:00:00
10,2,Sant Martí,73,la Verneda i la Pau,230,10129,549,2024-01-01T00:00:00
10,1,Sant Martí,73,la Verneda i la Pau,231,10130,635,2024-01-01T00:00:00
10,2,Sant Martí,73,la Verneda i la Pau,231,10130,576,2024-01-01T00:00:00
10,1,Sant Martí,73,la Verneda i la Pau,231,10131,580,2024-01-01T00:00:00
10,2,Sant Martí,73,la Verneda i la Pau,231,10131,509,2024-01-01T00:00:00
10,1,Sant Martí,73,la Verneda i la Pau,231,10132,685,2024-01-01T00:00:00
10,2,Sant Martí,73,la Verneda i la Pau,231,10132,622,2024-01-01T00:00:00
10,1,Sant Martí,73,la Verneda i la Pau,231,10133,930,2024-01-01T00:00:00
10,2,Sant Martí,73,la Verneda i la Pau,231,10133,835,2024-01-01T00:00:00
10,1,Sant Martí,73,la Verneda i la Pau,231,10134,876,2024-01-01T00:00:00
10,2,Sant Martí,73,la Verneda i la Pau,231,10134,733,2024-01-01T00:00:00
10,1,Sant Martí,73,la Verneda i la Pau,231,10135,652,2024-01-01T00:00:00
10,2,Sant Martí,73,la Verneda i la Pau,231,10135,602,2024-01-01T00:00:00
10,1,Sant Martí,73,la Verneda i la Pau,232,10136,738,2024-01-01T00:00:00
10,2,Sant Martí,73,la Verneda i la Pau,232,10136,675,2024-01-01T00:00:00
10,1,Sant Martí,73,la Verneda i la Pau,232,10137,845,2024-01-01T00:00:00
10,2,Sant Martí,73,la Verneda i la Pau,232,10137,742,2024-01-01T00:00:00
10,1,Sant Martí,73,la Verneda i la Pau,232,10138,1474,2024-01-01T00:00:00
10,2,Sant Martí,73,la Verneda i la Pau,232,10138,1354,2024-01-01T00:00:00
10,1,Sant Martí,73,la Verneda i la Pau,232,10139,889,2024-01-01T00:00:00
10,2,Sant Martí,73,la Verneda i la Pau,232,10139,827,2024-01-01T00:00:00
10,1,Sant Martí,73,la Verneda i la Pau,233,10140,851,2024-01-01T00:00:00
10,2,Sant Martí,73,la Verneda i la Pau,233,10140,825,2024-01-01T00:00:00
10,1,Sant Martí,73,la Verneda i la Pau,233,10141,615,2024-01-01T00:00:00
10,2,Sant Martí,73,la Verneda i la Pau,233,10141,560,2024-01-01T00:00:00
10,1,Sant Martí,73,la Verneda i la Pau,233,10142,867,2024-01-01T00:00:00
10,2,Sant Martí,73,la Verneda i la Pau,233,10142,809,2024-01-01T00:00:00
10,1,Sant Martí,73,la Verneda i la Pau,233,10143,958,2024-01-01T00:00:00
10,2,Sant Martí,73,la Verneda i la Pau,233,10143,851,2024-01-01T00:00:00
